13.181136,-2.8742945,-4.097027,0.49043447,-2.4652357,1.2270473,-2.2125719,1.4873648,0.5528113,-2.0212202,-1.1461221,-0.3351548,3.018812,3.8764794,-0.54548806,0.9164571,0.7046511,1.8358947,0.44448835,1.5246371,1.9673382,0.3416231,1.842442,1.5152726,2.6701791,0.495929,-0.31248596,-2.2539003,-1.6972147,2.6303766,-0.966887,0.46916172,-0.22032279,0.65343916,0.34100118,-1.8888404,-0.034071434,0.57437336,0.2521702,-0.940867,-2.2880807,0.27744505,0.35647282,-0.0019712097,0.8806938,-0.12291778,-0.5994408,-1.3035979,0.39437458,-0.03062925,0.7499691,0.27722138,-1.0041484,0.09577155,0.6544616,-1.0271369,1.6756189,0.36535838,0.11730587,-0.25608417,-0.42281303,-0.23735534,0.9385725,0.2367538,0.5120931,-0.3642141,0.13035099,-2.3841312,-0.14625397,-0.075074926,-0.54327595,0.8188195,2.1161659,0.59457403,0.9972013,-0.36223757,-0.37220472,0.47574985,0.8797556,-0.08490733,0.6782371,0.4736794,0.23370215,-1.5530537,0.12235156,0.4753597,-1.2194195,0.3118193,-0.40823546,0.039809145,0.48319444,0.38788804,0.8154481,0.33491987,0.3584259,-0.34402502,1.2679555,1.678498,-0.7126397,0.019154748,0
11.920288,1.7155272,4.4968977,3.121675,1.4693853,7.3408294,1.932273,2.0938292,4.191777,3.0474784,0.03222745,-6.1409526,3.005794,-3.8754547,0.22533856,-2.340025,-1.8735228,-5.2190614,-0.4828839,-2.0699394,1.8447514,-1.1782029,-2.9696538,-0.8865808,1.0459281,1.3005986,3.152099,-1.0562763,2.2781239,-1.1754444,0.36880952,-1.1954268,-2.0628777,-1.3336401,0.87716085,2.0179124,-1.3945863,-0.24409902,0.8239271,-0.760895,-3.052231,-2.5504532,-0.5622322,1.7099797,0.121328644,0.19606838,0.34144536,-1.4295106,0.87730694,-3.0110214,0.5739353,-1.0656936,0.6176407,-3.0928094,1.0889386,1.0507935,-0.25166422,0.4932511,-3.0530934,0.3532686,-0.477882,0.45983395,-2.2154064,1.8307724,3.4325113,-1.9152101,1.3044465,2.2041156,0.04809532,-3.5578032,1.3597625,-2.434235,0.18777841,-0.2536254,-0.22061065,-0.9304845,0.644075,3.3627753,0.89712083,0.87656444,-1.3505293,0.7213645,-0.073125966,0.9129202,1.5502566,0.5349361,-0.08495311,1.6113217,0.07132812,-0.81318635,0.0020875032,-0.02392615,1.3103671,-1.1494033,1.3131164,-1.6931722,-0.04934846,-0.32113418,-1.322907,-2.5579414,0
6.3940167,1.9779236,6.0788245,3.6162188,0.4670585,-2.608279,-0.44372448,0.9025203,0.6586366,3.2160413,1.6982253,-1.1701723,-0.63264894,0.50426906,-0.852465,-2.9846761,-1.234039,-0.83307916,1.2860857,1.132754,-3.118848,-3.0469408,-1.7367848,-0.14699756,0.17104147,-6.001158,1.6121658,3.473909,1.3562883,1.1056963,2.352764,-0.30094013,0.20304653,-3.6055062,0.8677357,0.44509512,1.773673,2.3085802,-1.0625252,-1.5895673,-2.2098892,1.4449929,0.6553578,3.786063,0.65892875,-1.9369969,0.09778328,-2.171529,3.8715065,-0.044624403,-1.1389661,-0.4911749,1.6682211,0.5779984,0.10664658,-0.06938742,-0.97470504,-1.8557367,-0.8209934,1.3573155,-1.5764539,0.17986263,0.4502395,0.004134283,0.9477881,-0.38751462,0.047326706,-1.2782096,-0.3263693,-0.3607334,0.4707183,-0.3424619,-0.38894135,-1.1494473,-0.56230116,-0.7034635,0.47263,0.7044054,-0.50366443,-0.63939726,0.25787625,-1.5702872,2.360017,0.059580307,-1.194824,-0.7525436,-0.3787997,2.8417854,1.3609827,-1.1385217,1.4597317,-1.2594675,-0.11567663,0.9978057,-0.7269201,-0.63655794,-0.006901638,0.6571064,1.3577603,-1.2853824,0
-3.088754,5.902319,-6.477449,-1.0954274,-5.3302207,-9.428041,1.1843953,3.5319655,-1.1979176,0.24634565,-6.38296,-2.901368,-5.786152,2.6673226,1.3683183,1.5626156,-0.18174961,-2.794495,2.4698632,-2.279252,-3.1261084,0.0552248,-2.2065616,1.1662875,0.96980184,-0.7287293,-6.0278034,-0.76178235,3.6320126,0.76105106,2.7399006,-1.2687453,-2.310751,-0.59321237,-0.32940593,-1.497064,-0.01874425,0.9731732,-0.9991197,0.7147251,0.49058807,1.0207129,0.85939634,-1.934829,-2.95369,-2.3024373,2.8177025,1.8744854,-2.1042771,1.3240603,1.2470086,0.08564124,1.1069969,-0.04669419,4.1338,2.1301227,0.5123266,-0.08932106,0.85162765,1.7163289,1.4759269,-0.6427069,0.19618316,-1.6057603,-0.13391241,-2.2776504,-0.8587887,-2.19923,0.16304314,-0.13802056,1.0150418,-4.488357,-0.57351255,-1.2851204,1.0515665,0.4910166,1.1590631,-0.21569172,-2.1491437,-0.8869311,0.3401033,1.9129771,1.0450075,0.0078006,0.32527992,1.3482853,0.28141323,2.2360744,0.08922033,-3.0219579,1.9555379,0.60942155,1.2029866,-0.9606343,0.23281622,-1.6694989,0.40929362,1.2483705,0.48132393,0.763051,0
11.54845,-2.575266,-5.821773,1.9641148,-3.0734165,1.2818428,2.6590047,-1.5756962,2.9747608,-2.5123804,1.2366644,-2.9374256,0.17923826,1.8773527,-1.1740546,-2.2499213,0.31163466,1.5664893,-1.9290464,-1.7079476,1.7673639,-2.0583863,-1.5906441,2.4364748,-1.3122712,-1.7640469,0.32931253,0.47015744,-2.562172,-4.187439,-1.0258874,-1.007068,1.0504382,-3.8180976,-1.5385997,-0.32251406,0.9988023,-3.626471,0.3489458,-0.56385624,1.8060819,-0.009443974,0.21627672,-2.4671338,-0.21120778,0.7003854,-1.4168558,0.90698415,1.0574248,2.168768,-2.9289181,1.21331,-1.3112426,0.843461,-0.27534872,3.0040627,-0.01961525,-1.2766594,0.5326463,-1.0594777,2.076143,-0.80522734,0.17394689,-0.43106255,1.1845464,0.30740812,0.22668004,-2.2506208,1.3017458,-0.9550716,-0.6767425,-0.20087664,-1.0433304,-0.3657073,-1.0348436,0.69655925,1.5733411,-0.32180887,-0.1811388,0.9745389,-1.0669603,-0.80962014,1.2511206,-0.6268539,1.1186618,1.2121933,1.0552403,-0.014589533,0.058939125,-2.4879658,1.2912242,1.1037661,-0.60492194,-0.0040250206,-1.8889618,0.57333225,-1.6649683,-0.95264655,0.6476111,0.014957202,0
5.150593,8.575389,-5.1207976,2.0715072,-2.0299551,-2.1466353,1.8838638,4.5148325,-2.4921968,0.77236766,5.0103517,1.354753,5.066938,-4.116254,2.1657307,0.1396582,1.9648893,-2.4151304,0.56036204,-1.8499817,-1.3284357,2.3874078,2.4281533,0.48750222,0.7289112,-1.0372308,2.20229,2.407938,-1.1259273,1.394507,-0.27449578,-0.3181277,0.658753,4.020757,2.4630227,-1.0171486,1.7880784,-0.29481453,-4.5395923,-1.144951,0.2493745,0.35230368,-1.2902282,-1.3382791,-1.5090975,-1.9377143,-0.7726905,-0.46994394,2.719827,-0.16477263,-0.27980265,2.6190214,3.622598,1.6821575,-1.4159061,-3.8671672,-0.31680003,0.24601655,-0.8489573,3.0643344,-1.5228996,-0.35106754,-0.29933804,-3.4059567,-0.82953256,-0.46319067,-2.0456104,-0.026840651,-0.531546,0.3622018,1.3082879,-0.62177134,1.131525,-0.92590517,0.22327869,1.4210148,-1.2001045,-1.9360324,1.8586888,-0.57555187,-3.4499373,1.575379,-0.78651106,1.1670015,-1.2579569,-1.3735087,0.052811712,2.4304545,1.1787899,1.5513767,0.9894192,-1.4304236,0.005039367,-0.4695124,2.0070415,-0.8378239,-3.3167825,-0.90606433,-2.7689316,-0.9235468,0
5.553915,-0.99650955,-7.090914,3.8564057,2.7229183,-2.7187533,-3.5945373,-3.9356334,-1.4790584,0.5363123,0.15839867,-1.6168121,-8.151974,1.4553465,-1.8357062,-0.88907784,-2.7395601,3.5700226,-2.652115,0.6818579,-1.0080029,-1.7900552,-0.44654027,0.37065676,1.1258278,-0.7241195,0.0066079767,-0.5735877,-0.35086697,-1.1779358,0.586351,1.4081197,3.6742227,1.02842,-0.19755858,-1.9995997,-0.04241746,0.9569886,-0.22697704,-0.59895825,1.2351253,0.19243285,-2.0071955,1.0999078,0.29283786,-0.003421922,-1.9160888,-1.0111175,0.32054314,1.9937066,1.658951,-0.8072837,3.1847305,-2.829539,-2.7623158,1.148974,0.4483264,1.1485493,-1.0579802,0.51480705,-1.386407,-2.381206,-2.1280007,3.6076443,-2.3608468,1.3811085,-0.41554517,-0.34938326,0.77947974,0.47493342,-2.048579,-0.28319588,0.74764526,0.515011,-1.5129128,-0.85721827,-0.16282107,0.3243807,-1.4427228,1.0125802,1.303171,0.84027636,1.4865398,-1.0018222,0.6303831,-2.2729142,-0.3409697,-1.155585,0.86711746,1.4713024,0.35697636,-0.8746616,1.0412577,-1.0316699,-0.43824416,0.38574418,0.066712044,0.42562374,-1.4401506,-0.17792565,0
7.5073524,2.073515,6.3154416,-0.20281695,5.2961025,-4.0474977,-0.57501996,-4.249808,1.6871145,0.24859466,-1.5405409,2.2933223,-1.9714019,2.069103,3.6188736,-0.40012223,-1.2646196,1.3147233,-0.4007532,4.7654004,-1.0749762,3.9621367,2.502012,2.5093155,-0.3079016,1.8147813,0.49608538,-0.32541662,-0.71493983,1.3407961,2.096852,2.5099847,-2.0043795,-1.8313674,-2.0202081,-1.2908493,1.9761528,1.6495639,-1.1262215,1.7993826,-2.679887,-3.772675,-1.2039423,2.9124694,0.06132501,-1.30421,-0.40031004,0.28038517,-0.6492768,-0.25318405,0.004696371,-0.7356951,-4.9168034,-0.3438789,0.3373136,1.5879987,-0.8032867,-0.7190719,-0.28602505,2.9124286,-0.2874036,0.5954078,-0.20956835,-0.8852514,-1.1824185,-0.81435573,2.312345,-0.361226,0.10796665,1.2291516,0.0861474,-0.5673889,-2.2532895,0.26592344,0.41280064,-0.41477963,-0.616581,0.1710214,0.38450637,1.7925664,-0.21635653,0.63130414,-1.4451394,-0.042973664,-1.3996934,-0.73702925,-1.0224553,0.1476536,0.6763786,-1.2605625,-0.04367054,0.75780725,0.22560602,0.38908207,-1.0754625,-1.1925253,1.0838675,-0.5990087,-0.7276392,-0.5832196,0
7.84568,-4.8712416,-2.7215538,4.2826595,1.6705066,-2.67204,-0.93646795,5.092404,-0.75396186,1.4592606,0.67516917,-5.1118293,0.52772737,2.7179065,-1.4077206,1.2529838,-1.8438315,2.8243532,1.9191877,3.0400388,-0.20352726,0.059033304,-1.7285681,1.5517856,1.2216733,0.5581262,-2.7702065,-0.6744136,1.1771837,1.0746887,-0.11084253,0.12282081,-1.5736179,-1.465973,0.88181,1.7312164,2.7187202,-0.7084296,-0.48099613,-0.040203784,-1.6269467,0.4100079,-0.4580056,-0.0010600002,0.025965892,0.5382036,-1.2204909,1.6999925,0.7161156,-0.92118514,-0.67679197,0.13055828,2.6696842,0.48302642,0.24050437,-0.5729851,-1.2571276,-0.840136,-0.808498,1.0596194,0.8705337,-0.41860598,-1.1856768,-0.31174108,0.24226134,-0.54898703,-0.78434134,-0.6307264,-1.8379322,-0.9020241,-0.9314956,0.36494252,0.3000341,0.46040106,1.0971242,0.009517415,-0.33791152,-1.2374885,-0.98137814,0.5710872,0.5708912,1.2699516,0.9282556,0.17923592,0.80554473,-0.19336843,-0.34578884,-0.06452278,0.6396319,-0.7305449,1.4736298,-0.78423697,-0.7787631,0.22692482,-0.33567724,-0.07132975,0.078057386,0.7973954,-0.8648511,0.50949436,0
11.746026,-3.7910242,2.595729,-1.0592406,1.0791776,-1.1790391,-4.1667876,0.12238552,0.16526724,-3.9409192,0.5389707,3.2190773,-4.8670626,0.2668321,-0.117470294,2.2214963,-3.315032,1.4303837,0.3060938,0.6844122,0.83431375,-0.25473174,-2.9649935,2.238922,1.4173213,1.0377586,-0.87957525,-3.5475495,3.6439083,-0.29552305,-1.8987948,-1.0527363,1.3087497,-1.5758668,-0.31173363,-0.76670307,2.631531,4.1544986,0.77752113,0.039886083,-1.3591228,-0.11056106,0.07911554,0.55171275,0.84653986,-2.4128466,0.012681899,1.35757,0.74373364,0.043360617,0.9176016,-1.2997875,0.09138104,1.4688292,-0.54954433,1.6346135,-2.2937584,-0.43892124,0.8824336,1.633776,1.7484381,1.7084132,-0.1899753,0.07092697,-1.4960881,0.6992542,-2.0385911,-1.121665,-0.47622344,-1.7507663,0.71411663,0.33697075,-1.7946454,-0.8431785,0.113495685,-0.66834193,-0.048668362,0.056878593,0.3298872,-0.9560916,-0.8608798,-0.3895784,0.70362234,-0.6343769,-0.63270205,-1.241092,0.53156906,-0.46934202,-0.93487424,-1.1709001,0.22473174,-0.7696835,0.70444393,0.21541071,-0.039468184,-0.80885005,0.27611455,0.18108797,0.46456534,0.15639792,0
8.738149,-1.9725064,1.4942733,1.2901744,3.643118,-3.7575748,-2.5454748,0.8102805,3.3775392,-2.5765245,-0.10356292,-4.6995335,2.3618855,-1.560788,0.509855,1.2358589,1.1811908,-0.6757619,2.6260462,0.45890146,1.7070291,-1.9155598,-2.6920457,0.7983171,0.49734074,-2.6058886,-2.1598601,-1.0461404,1.4848025,-3.6211343,2.5741563,-0.8026764,-2.1680212,-2.8199806,0.13778052,-1.1610918,0.74373615,0.06868089,1.425389,1.1042976,-1.4478577,-0.11262945,1.1732486,-1.0583607,-0.60447955,-0.70480275,2.5104792,-2.1066399,0.9736384,-0.06390845,-2.8538635,-3.5713544,-1.6202728,0.4538144,1.6882316,-0.823012,1.4782158,0.819478,-0.0076909075,1.1371735,-0.72969645,1.6422805,-0.052899167,0.58598197,-0.06967915,-1.8897151,-1.0811628,-1.7833602,0.6379449,-1.4662746,-3.3528953,-1.058418,-1.3067418,-0.91247094,-2.41304,0.36966088,0.38339886,-1.9844806,0.027437476,-0.2753463,1.2884253,-0.84773004,-1.8722286,-0.3178552,1.3605943,0.542835,1.0242214,-0.4133801,-0.17580035,0.27913043,2.2659929,0.01674335,0.16733138,0.4397137,0.6596451,0.62849677,0.74046695,-0.2322966,0.64427984,0.8739527,0
9.618381,-0.5681763,1.5234352,-8.189296,-3.4341936,-1.6067854,-1.8487132,-2.983538,0.30950508,-7.4975443,2.8376873,0.2135668,-2.571858,-4.19703,-1.100427,1.4250847,-2.9110112,1.8953437,-1.4583162,1.4762778,4.848181,-0.7269824,-3.064666,-5.4441485,-1.2448364,-4.7111793,-2.583278,4.2166286,-4.8896065,0.119443506,-3.8590386,-0.43181825,0.00027710924,0.18287972,0.051479403,-0.38192308,-0.7475051,1.3971857,0.088190265,-0.5128189,1.1370094,-0.5492592,-2.0163827,1.0785251,-0.19435954,-1.6504806,2.707833,1.7864994,-1.2940007,-1.2173685,0.56642485,0.5689992,-0.89954436,-0.86059964,-3.6290605,0.73471576,0.0056095216,-0.43489742,0.862266,0.6600672,-0.38141203,-0.40709049,1.2226574,-2.520394,0.16981111,1.8378304,0.53586876,0.4354635,-0.15960974,2.0725794,-1.7534862,0.3897641,1.1006261,1.0985174,0.1346513,-1.1920581,-0.037521724,0.16471529,-1.041954,0.35083428,-0.10595608,0.9253559,-1.2832414,1.355207,-0.03705119,-0.116700865,-1.1055758,-1.2826221,-1.7710544,0.8407088,-1.630956,-0.033287458,-0.6567231,-0.0030664543,-0.34950075,0.48452273,-0.8516629,0.0029977362,-0.11421722,0.6595146,0
10.610518,-7.235846,-0.5935142,-3.754996,1.7669921,1.3243189,1.3676212,2.4777808,-4.198444,-1.0151588,-2.4017687,0.39559355,-0.43807694,0.67123157,-0.89041823,-3.7230315,0.78143847,-0.98937446,1.3635212,4.1487494,2.1716154,-1.6734526,-0.8243466,0.5220721,-0.93673164,0.23248957,1.7826464,2.7247248,0.19899318,0.31381503,-0.3673129,2.1708305,-0.4769006,-1.4666767,2.1245818,-0.91087884,0.8289976,-0.5591788,1.3053021,1.6822772,2.3602035,0.024911148,0.48752618,-2.0128045,-2.0650556,0.06303128,-0.32750648,-0.3497466,0.9691205,0.07652358,-0.376589,0.117723756,-0.24774835,-0.72368026,-0.7301204,0.4759006,0.00222773,-1.6679355,1.0305471,-1.9255733,-0.90392435,-0.27876198,-0.91348714,0.48215997,-2.1194122,-0.4310595,-1.7379194,-0.7821342,-0.32362416,0.9299952,-0.114543356,-1.1355952,-0.70167214,1.2853495,-0.74591804,-0.26327032,1.5714116,-0.49152043,-1.6577709,1.059329,-0.20928292,-1.7664875,-0.18228786,0.04235439,-0.2654446,-0.42934504,1.1740115,-0.41397038,1.5399928,1.5611955,-0.4004884,0.3217572,0.6522553,-0.716645,-0.35691205,-0.6650921,0.080463886,-0.55443674,0.4085794,-0.2592038,0
9.856341,-6.8181257,0.86024463,-1.4399385,1.8710232,0.72527224,-4.2763767,-3.001093,-0.80718124,-3.8754916,1.1684177,3.889965,-1.1680549,2.8085947,-1.3695933,-0.6652835,-0.3827647,1.0846978,0.5635662,-1.5978884,-1.8706785,0.12582657,-0.5061653,-1.6412126,0.57613784,1.608511,0.32949007,-2.7436607,0.2547378,-0.20628403,1.1474277,-1.925654,-1.6745869,-0.66784406,2.098933,0.690457,0.16287631,-0.8543898,0.8493248,3.880907,-0.84484935,0.7684788,-2.1810305,0.75189203,0.21077952,1.6844549,-1.3786201,0.86586654,-2.1713398,0.26304767,0.55567527,-0.85282516,-0.41694102,0.8373412,0.3335703,-1.616842,0.1069858,-0.68853724,-0.1816543,2.0534656,0.1692326,0.5257119,-0.05509879,-0.7021952,-1.0744492,-0.897713,0.697583,-1.40122,-1.0740232,0.21958761,1.5074648,0.82688445,1.4006208,0.90327716,1.4117192,0.36856487,1.0454572,-0.34063825,1.0295422,0.60675305,-0.6400091,-0.20708242,0.51386917,-1.0627028,-0.09540845,0.20075873,-1.0240157,0.37231198,0.8662027,-0.3384599,0.297247,-0.015616361,1.2669561,0.20022938,-0.021314679,-0.3187764,0.61791444,1.0235189,-0.6940648,0.3375292,0
12.383698,-5.686171,2.8562505,3.9895,-3.5385048,5.6010036,-0.13588957,2.663205,0.48873195,-0.004027573,0.92810947,-0.44096226,-1.2885808,-1.5014328,3.3685057,-1.6674116,0.51781046,-2.574747,2.4171271,2.909489,0.7468368,1.4823909,1.3069452,-0.9632388,0.79787123,-0.28019506,3.3185985,3.2297847,-0.11611135,3.6233943,-0.38197315,0.09997923,-0.39949334,1.8604358,3.2908916,-0.7115113,-1.5142596,0.5464583,-0.24269545,0.229791,1.0429986,-2.762629,1.5708681,-0.06511484,0.102885954,-0.34306568,1.2034757,1.0880984,-1.3457524,-1.2354001,-0.95827216,2.4031959,-1.3280814,0.7022992,1.0628817,-1.0453974,-0.81497324,0.1197104,0.84519964,0.57272893,-1.3004978,-1.0729762,0.09698004,2.8048425,-0.16048403,1.9900376,-0.86063665,0.19696206,-1.2103684,0.6649573,-0.057264786,-0.6836647,2.2069006,-1.0424027,1.5086168,-1.9407986,-0.55746686,0.6125769,0.09794998,0.8547858,1.3785145,-0.66379696,-0.34345552,0.5448122,0.62518287,-0.06834917,-0.30804038,-1.1958963,-0.75282323,-0.43310952,-0.76303667,2.0786963,-0.10739892,0.4851221,-0.22336245,1.7723956,0.42420927,-0.2722655,0.054013778,-0.5073278,0
4.5594916,11.394744,-0.9029685,4.436803,-2.6780787,-8.028158,2.7985322,2.78465,1.3231109,-3.5273588,-1.3777198,2.586525,9.76155,-3.2515738,2.5287762,2.2760954,1.444131,-3.375809,5.833121,0.78885967,-3.3940282,-0.045686476,5.2505274,-0.2430169,3.750497,5.480349,1.9862236,0.36926684,1.4455106,1.8887951,1.3338412,3.6750383,-3.0128515,2.9604821,-3.686882,1.9192599,1.0716597,-1.9114554,-3.3400474,1.7907444,-1.6941955,-0.05807239,-2.3251076,-1.4286256,3.3290658,-0.6957387,0.12560813,0.39584884,-3.173852,-0.07538557,0.89662963,0.08272619,-2.4237564,-2.1024225,-0.721446,0.10336685,-1.2167697,-1.7127401,-0.0013518389,-0.094339624,-2.7473953,2.658469,3.8044617,-0.52793145,3.985021,-2.6099443,-0.22724345,-1.3939229,-1.5309784,-0.48794225,1.3457663,3.5056636,0.7780351,1.0150753,-1.4443023,-0.11546824,-0.43168616,-0.6306523,-4.5547094,1.0543209,-1.6400005,-0.352892,1.592344,-3.218481,0.5958043,1.3325174,-1.5226964,-3.4316497,-2.3659198,-0.03638472,0.4315225,0.1386853,-0.09061401,1.5476897,-0.7993644,0.024407104,-2.4371595,0.18087257,0.47601533,-0.17435433,0
8.454966,3.4471073,-0.77740103,-4.5863233,-3.492775,1.9431864,-5.302174,-5.72388,2.745257,-5.816168,2.1215599,-4.1491804,2.6105437,-2.640707,-1.7590532,1.705783,-1.0057288,1.1160194,-2.626861,1.1277725,2.6670651,-1.1691487,-3.2953131,-2.7089539,-3.5992286,-0.31009626,-2.9556494,1.5815983,-2.866702,1.9811797,-5.6053553,2.3807127,-1.7889346,2.7220142,-0.31183624,1.1791463,0.0824717,-1.5874236,4.411288,0.30959004,2.6080081,-0.88119656,-1.0805814,1.3069673,0.17288116,-0.069394335,1.2358725,2.215526,-3.1018279,2.5959945,-2.7972043,0.44121644,1.8327833,-0.013140029,-3.1484606,2.0898917,-2.9658108,1.5518819,2.327329,-0.9989594,1.4324079,-0.26518935,1.1857653,-0.27718166,1.6190403,2.029759,0.16960527,-0.6481477,-0.5495346,0.99499315,-2.1448917,1.049427,0.4130405,2.1579034,1.2080504,-4.084788,0.38356417,-0.81421864,-1.0482703,1.1917548,0.68081725,0.30856618,-0.77206624,-0.1913867,0.01575908,1.2237923,-0.6683919,0.20474547,-0.15334079,0.39272088,1.699891,2.8341079,1.1265236,-0.8101802,1.4513329,0.9101079,-0.24172068,-1.5078481,-1.274658,0.90027887,0
14.738946,-6.3184514,-1.432904,3.4828186,-2.9573317,3.4585483,3.091613,5.1052012,0.9485756,-1.3104885,-0.6072306,-6.3687887,0.5468648,0.99968874,2.45286,0.4741238,0.9081718,-0.6495926,3.1677017,4.861008,2.7409747,0.899899,-0.58392894,-1.2475972,0.8417314,0.017284758,2.5875318,-2.337282,-0.40441757,-0.33114293,0.9768266,0.29658917,1.1244681,1.5534774,1.9771055,0.1318809,0.7593948,1.953494,0.097425416,-0.35625076,2.1485527,-1.5387564,-0.1215087,-0.702889,-0.33178496,2.8369977,0.30207634,0.19333097,0.1859108,-0.7397499,0.20281991,1.7652569,1.1674018,-0.9979321,-0.98842263,-1.072025,-0.32673484,-0.87741554,0.4278914,-0.8691101,-0.3811057,-2.4228585,1.5124949,-0.28633976,-0.5729867,-0.41329688,-0.86727345,-0.10002671,0.67181253,-1.4267483,0.48233092,1.7900031,-0.10586545,-0.0885376,1.4061658,0.4927282,2.3035383,0.6533724,-0.34354055,0.57220143,-0.85905313,0.788587,-1.3732836,-0.25620252,1.4747604,-0.38131088,0.3738488,-1.7541342,-0.068984665,0.17379351,-0.987557,-1.2926369,-2.1890178,0.7133182,-0.38389206,0.5088634,0.5900944,0.5406937,-0.6613863,0.437894,0
6.9004297,3.0113692,1.7429779,-4.7548246,5.739398,-5.416014,-0.29072598,-2.2538238,-3.796344,-2.9780922,0.25599596,2.998694,-2.935905,-0.7002938,2.1220453,2.323368,-2.3230078,0.19546606,-1.669919,2.1693296,2.4153848,1.1483436,-2.6161942,-0.5822981,-2.0275238,-4.0974236,0.15638554,1.7415117,-0.6032125,-2.0159292,3.2079296,2.2369838,-0.93232304,4.270269,2.1261144,-2.246058,-0.107470036,3.1072855,-2.5125275,-1.7160897,0.8168347,-4.0482707,-1.5269793,0.39390102,-0.12060046,0.9237741,1.7148576,2.696097,-0.6255138,-0.7253745,-1.022797,1.223076,-1.8751069,1.2222009,-0.8387792,2.936763,0.54854095,1.1043767,-0.83544016,1.2354882,-2.2107737,-0.91713995,-0.07132123,-0.31385705,2.4821205,0.64892614,0.26958865,-0.0040597855,-0.6682741,-1.6396226,-0.20729558,-0.412822,-1.1801997,-0.5255238,-0.86985856,-2.7188118,-0.5314083,0.99857724,1.6215585,0.9930839,-0.07738325,0.5092431,0.1380371,0.15583676,0.30583477,0.12828505,0.50187725,-0.87580353,-1.1321359,0.66215944,0.16340655,-0.18110783,0.73018354,-0.14654304,1.1547452,-0.42648998,-1.0480275,-0.19035742,0.051002,1.6934869,0
5.9610224,2.7371542,12.018601,0.52180064,-0.1585324,-4.056713,0.9528839,-6.131704,6.29777,2.6330748,-2.2923634,-1.5593071,-1.8388062,-2.64218,-1.1975577,2.7839355,-3.6590705,-3.5254674,4.3238525,-1.1728357,0.68442696,-0.47989058,-1.1790048,-3.2194083,-1.3379002,3.6151187,1.2195032,3.034047,-1.6457454,-3.9804208,-1.5946732,-1.9428356,-5.5024476,1.128358,1.2050182,-5.4163632,1.3805041,0.71346635,-0.49124604,-0.61656415,-2.005435,-0.19862789,-0.97254896,0.4726061,-1.1939931,0.050404888,-3.095002,3.5953279,1.6035379,1.3704672,2.5030532,-0.7080729,-1.3838319,-1.6733831,0.04542461,-0.07714952,0.43842566,1.2553979,1.1846983,-1.3553936,-1.0846679,-0.90438503,1.7430829,-0.45343238,0.99034727,-0.8876668,-0.31120455,0.7891971,-1.1587609,0.9521356,-1.4404695,0.08569717,-1.1885873,0.5829657,-1.048125,2.125795,-0.27621734,0.043783095,0.63073856,0.68121785,-1.4699342,0.95816225,-1.178918,0.04026466,-1.9208555,-1.0736966,-3.7083817,1.6012667,-0.5058379,1.3062621,0.65423286,1.5635709,0.10926484,-1.381226,-2.0196762,0.951273,2.6094143,-2.3146777,-1.3441155,-1.3102341,0
8.043963,-2.2347164,2.6837533,0.2724933,-4.617389,1.1336503,-5.438366,4.8178334,0.19408323,0.1215348,5.209239,-0.15009192,-2.8407912,-3.2476,1.3608099,0.19272761,-0.7482465,2.916687,-0.94274974,1.0261337,1.7048144,1.4683517,0.64580685,1.122717,1.8488646,-1.1708276,-1.8498156,-0.7719676,0.6036681,1.8974435,-2.4280992,-0.63155,-1.3084478,-0.79398876,-0.56380016,-1.8216996,0.83807844,1.8000414,-0.8517291,-1.8967278,2.0606887,0.46142825,-0.20617312,-0.67072105,-0.2885364,-0.10820037,1.6296253,0.35650685,-1.7380427,1.8534346,0.41794372,-0.4265618,-0.6635129,1.1937004,1.1599553,0.5294123,1.8338281,0.31247005,1.465407,-1.8963026,-2.515509,0.17260213,-0.69148594,0.21768452,1.2372519,0.15756482,0.74845517,1.3017315,1.4795043,-0.66336596,0.21528195,1.3171737,-0.68573606,3.4741101,-0.17752154,2.109857,-0.102827035,-0.8549786,0.5646582,1.3889359,0.43560475,0.23083664,1.3366084,-0.75315607,1.8873304,1.1499416,-1.2422788,0.6358273,-0.4023593,-0.88641924,-1.1317497,-1.7135458,0.36843437,0.84382653,0.23896714,-0.22321959,1.2669146,1.2073659,0.36113173,-0.30001867,0
17.097532,-4.1703167,0.43497956,-5.2396097,-2.8409908,5.993093,-4.650958,0.5467636,3.0181363,-3.4938698,1.745497,-1.8686012,5.9453626,0.20108125,-0.5031589,0.6225125,-1.1779745,-0.35995317,1.8518122,-0.10493832,2.7324483,-2.4938946,1.1386169,0.08934178,1.67777,-1.2318673,-1.144426,-0.7491761,1.8957022,1.09554,-1.51889,1.003433,-0.83488345,-1.2609555,-0.25167128,-0.6313647,-0.37534213,1.7807037,-0.146511,1.7656183,0.86188453,0.41770804,1.0897872,-1.734459,0.23922926,1.0292603,-0.88972276,-1.653828,0.8729724,-0.5720858,-2.3318717,-0.39865145,-2.2266011,-0.31814027,-0.063968815,0.4074456,0.7892619,-0.54699296,0.09339099,-0.35936707,-1.1240896,0.12281068,1.2237436,0.26451316,0.6578774,-1.9018201,-0.91711813,-0.7261571,0.26867807,0.0259662,-0.20783475,-1.4814029,-0.23380412,0.8906946,0.83661973,-0.19061778,-0.393398,-0.41384163,0.8450815,-1.1375567,-0.008781689,1.3665683,-1.2267729,-1.8958863,2.351906,-1.854687,0.41093597,-0.81806815,-0.11301308,-0.25550395,0.6628048,-0.48563942,0.16375804,1.4317288,0.19087079,0.055659465,1.4921713,1.2013524,-0.3066233,0.47409236,0
10.442892,5.7121143,-5.949285,9.722658,2.192793,-4.3439765,-1.0217179,2.2238047,2.376885,-4.3513265,3.8354797,-3.3827264,-0.4106655,1.9222736,-0.0016177276,-1.4415935,1.7997416,5.4054856,-0.2679204,0.39319146,-3.890007,3.1436832,3.9274492,5.6418943,1.4678978,-6.899818,1.1623808,-0.30147147,-3.0389616,-2.8330665,1.1698525,-2.47245,1.0670273,-1.4438797,-1.1455606,-2.728237,7.1637955,0.6046876,2.2011707,1.2846462,-1.2561698,-0.2792318,-6.915321,0.39776722,0.5242224,1.3391955,0.25259632,0.056117214,1.2132955,-1.7448307,0.74032116,3.400101,1.5547055,-1.1019533,1.0562205,0.7976606,-1.5345801,1.7892817,0.4965134,-1.4892225,-0.47466376,-2.0033486,-2.6922698,-0.2201203,-0.18357828,0.38513216,-1.065328,-1.4506216,0.24410431,2.34659,-2.3677917,-0.17813192,1.3578125,-1.9897314,0.087824464,-0.61868954,-1.2166526,-1.036633,-1.9275557,-0.4061198,-1.1597575,1.0530899,1.2047575,0.34566993,0.052640647,1.209426,2.1610396,0.16689886,-0.32134265,-3.339144,1.0257713,0.748684,0.06600529,2.8160508,1.2753024,-0.16393845,-2.0426033,-1.717625,-1.0284961,0.37908074,0
4.284742,5.915928,-8.68088,-7.9026356,-2.3794293,-2.9120443,-5.217351,-0.53465086,3.7496934,7.349307,-1.0193917,0.82372355,-4.743413,-3.7577798,0.4972827,-6.1914,-0.2050068,3.0463822,-0.32805774,-4.494384,-3.5776894,-1.3612814,-0.5948628,2.6118643,-0.025159488,-2.3534808,2.3253632,0.98898894,2.2993908,2.8339548,-0.7606377,1.1769615,1.7462885,1.366052,-3.8789573,-3.9841595,-0.99372846,1.7483549,-2.4238684,-0.49288413,1.6823056,3.3225338,0.33906394,-4.924248,-0.058803137,0.40875155,2.145768,-1.151947,1.0623578,-2.3535657,0.2503254,-2.0716846,1.1709477,-0.67771655,0.6873022,1.0661451,2.3815775,2.4678283,1.446797,-0.72082424,-0.49522448,0.93061507,-1.0941706,-0.05879433,-1.645857,-0.49941176,-0.7165264,2.2669384,-0.016706655,0.97826016,1.9639945,0.63073945,0.800255,0.0616246,0.7414818,1.0025758,0.66969746,0.8700952,-0.6413305,-1.2723534,-1.4641588,-1.3987274,-1.6557302,-2.4581661,1.1307777,0.48252296,0.16049679,-1.0639693,-0.24769957,-0.91627866,2.0647006,0.6747214,1.1733721,-2.4874876,2.72024,-1.0292066,0.3115993,-0.5796997,0.9317746,0.15664478,0
1.2469944,6.1904273,-2.1665452,-7.326096,-1.9696271,-0.2587947,-6.4243546,0.24183421,1.1769851,1.0937362,3.7784986,-0.12259484,4.471601,-3.679802,-4.7554464,-1.1906881,-2.2950487,0.45134076,-1.1641021,-1.4409877,-7.118519,-0.9250802,-0.73494613,-1.0359815,1.9266077,3.2337546,4.562424,0.45644838,-1.288042,1.3290416,0.27484962,5.481662,0.79071635,1.631976,-1.4138116,-4.0189805,-3.7833285,0.87070715,-0.41263348,1.7586604,-3.1403708,4.457524,3.9718494,0.39132947,-2.3945227,-0.87910616,3.1456666,3.8356886,1.4271624,0.89903724,-3.1605053,-1.7232056,3.4742475,3.7255468,1.1164584,-1.8273616,4.143674,-2.6352408,1.7748246,-1.9158162,0.5105305,1.1560686,-1.1677688,-1.0916624,1.3365794,-2.6996157,-1.9357857,-2.3481245,-1.243413,2.2102153,0.006746297,-2.5176182,-1.1441116,2.0618641,-0.00073673093,-3.7594478,-1.071265,2.4611404,-2.0286958,-0.10372377,-2.1607695,-1.1286914,-2.7758877,1.262055,-1.1446116,1.1457644,-0.84874606,-0.97733355,-0.69809276,-0.12303711,-1.722669,-0.39783144,-1.7135514,-1.0456027,-0.7852116,-0.45279974,0.72882897,-1.657119,0.4933881,0.15202,0
10.372988,2.1691968,3.3104951,-2.8054352,2.4669507,-5.4062157,-4.6283007,-2.7957644,2.7149684,1.3881176,2.3716338,2.9202967,2.0958993,-3.4214752,-0.19006194,-0.19552359,0.018167017,0.82579243,-1.5012672,-0.15092085,-1.3031397,-1.6980867,3.6313174,3.1455786,3.179669,-0.78825784,-2.7081587,-3.105928,0.95361894,0.13539645,1.4696865,0.14999986,-1.0034378,-1.4242254,-0.15857507,3.5709968,0.36781442,-0.56412786,0.018001052,-2.8413115,0.8262688,-0.69194734,-0.35365757,-1.1955034,1.2631041,2.1506863,1.2423345,-0.46635985,-0.76421654,-0.59497803,1.6074545,-1.9418448,-1.2490108,-0.2737711,-1.6925763,-1.3099831,1.4912577,-0.06833963,1.8782463,-2.4193306,-0.06624076,-2.1095972,0.18286712,0.20558734,0.14490809,-0.77795583,0.9380981,2.4103177,1.6378021,-1.580799,0.95447147,2.3255796,-0.53749263,1.6961967,1.0266657,-0.46124336,-0.002293757,1.0574234,0.31696644,0.67057484,0.9438809,-0.8439494,0.68072253,-1.5967683,2.3120823,0.020452889,-0.83076763,-0.42096144,0.7738536,0.5901732,-0.14762862,0.1574972,-1.9322532,1.1701038,1.5022985,-0.9769608,-0.57810944,0.64114404,-0.7824134,-0.5386822,0
3.296211,0.30098212,2.1196876,-3.0918171,-0.9455441,-3.1902232,1.7175457,-8.837525,2.4822266,1.588599,5.1558433,1.806159,-3.0807836,-5.0269823,2.7401817,-4.4631567,-0.46373957,2.197725,0.17875902,2.2564683,3.3932314,-1.4195665,0.33464852,-3.7771835,-1.3958621,1.0155168,-0.9389426,2.7916725,-2.8396866,-1.7628443,-3.1276999,0.51139253,-1.388882,-0.773593,3.5689356,-2.0996556,0.317426,-3.2598996,0.9243321,-0.58978844,-0.62400305,-0.83083624,1.4076644,3.2405097,-3.7435179,-0.650938,-0.99754006,0.8426381,-1.51245,0.51763827,-1.2876823,1.8553555,-3.3278778,-3.737238,-1.3896971,0.34766266,2.2682335,-0.30269915,-1.3358898,2.486644,1.8133065,0.16592915,0.8180818,1.5532789,0.7527176,1.68376,0.4886002,1.1119047,-1.0592884,-0.114143774,-0.0786944,-1.0041806,0.24956585,0.08875336,0.49335617,1.6665754,-0.35266683,0.45910147,0.0036015392,-1.418592,1.3456709,2.2535174,0.57258946,-0.34595633,0.040278405,1.2799548,-0.025831569,-0.5671942,-1.5823481,1.5339983,1.7228297,0.83334285,-2.5391982,-1.2043937,-0.32685003,-0.089635864,-0.14344744,0.1607627,0.0045304727,0.83690536,0
9.0568495,3.513714,1.331888,-6.995302,2.9449918,-4.901731,0.7596329,-3.8490763,0.9738217,-2.162304,2.5084033,-0.24282423,-0.6030323,-1.6865543,-1.6922832,3.485748,-4.797473,-1.9065143,1.1964414,0.72896516,-0.22652277,-1.7023262,1.1410491,-0.61446166,1.4029558,-0.14416747,3.584092,5.8723264,-1.6260043,-3.8942933,2.3535903,0.42986023,1.1225945,-1.0299882,-0.8950094,2.4979808,-0.18833676,0.21396157,2.2816777,0.12590657,-1.492952,0.35821605,-0.88123095,1.5440427,0.093976274,-1.7692829,-0.850415,-0.36905828,-2.2020495,1.0037969,-1.6073961,1.0623177,2.1491203,1.1075661,-1.7537186,1.304656,-2.3675408,-1.3988781,-0.6941551,0.42569065,-0.5222521,-1.7344148,-1.278818,-1.8815526,-1.2133131,0.9581253,-2.4888,-0.59743136,2.6484966,-0.81047577,0.6896565,1.7669433,-0.2496106,0.9183535,1.6935426,1.0384918,2.2976296,1.3174107,2.0490367,1.5301483,0.17539385,-1.1191375,0.17963776,2.0153072,0.510481,-3.3136468,-0.28221434,-2.320418,0.29476774,0.77468705,-0.7613386,1.0076386,-0.56290704,-0.8501455,2.1467419,1.049911,-0.4647965,-0.05409171,-1.4375427,-0.6729427,0
12.585469,-5.161227,0.06255335,-1.972964,0.8198377,1.8403233,0.8813796,0.9014486,-1.5229256,-2.2400355,-3.670924,-2.9419014,-1.7526605,-0.70338845,1.1335362,0.33780056,-0.24106659,-1.2987181,1.3511914,2.0901027,1.836677,2.0548007,-0.4770324,2.4844437,0.625564,2.7961767,1.8663037,2.1996334,0.3938254,1.0492232,0.69574326,1.7336327,-0.15572828,1.772917,1.4403123,-2.0855472,2.2084541,0.27108303,2.646653,1.2382795,-0.11100957,-1.4005804,0.6934771,0.13129763,-0.49345633,-0.5239166,-0.1344682,0.16831928,-1.2752901,-1.0697079,-0.06828916,-0.70523006,-1.4564626,0.34707093,-1.024649,-0.00066910684,0.7838881,1.5840212,0.09447531,0.31131074,1.4166133,-0.14205489,0.7557791,0.85165924,0.058844324,-1.8957449,1.1735148,0.18633533,-0.77350074,0.29201162,-1.6979339,-1.0537479,-0.9140402,0.7083528,0.14415242,-0.21431972,-1.1531085,1.5565346,0.40134764,0.17284623,0.40527686,-2.380972,1.0598071,-0.2440734,0.45054454,-0.12607846,0.08891772,1.0715935,-0.07529895,0.028179532,-1.8907273,-0.7277785,-0.03730712,-0.582358,0.11941099,1.1107082,-0.16654666,-1.7719747,0.13466369,-0.089243,0
5.115293,0.04399932,-9.816578,1.7923813,3.579898,-1.6301293,0.8486414,-7.2814374,6.475216,2.63302,1.1061286,1.774065,3.9263523,0.57325804,6.211281,0.56554484,-1.0653844,0.01771204,-0.94954795,-1.2317144,-1.004847,2.397333,-1.2902929,3.035655,1.4781257,3.358906,0.386589,0.5866324,-1.8533843,2.681829,-0.008661307,-1.2713753,-0.11111548,-1.8341318,-4.454798,-0.12314533,-0.76014435,1.173203,-2.3687193,-3.1380627,-0.056596924,-0.69604063,1.8505869,-2.5599396,2.695548,-1.5521158,1.230322,2.348905,-1.3418387,-0.6287723,-0.79001254,0.2769256,1.6888112,-0.5624985,1.0374925,0.399233,1.3911761,0.49820036,-0.12811825,1.4986095,-0.57577777,-0.67479867,0.33936247,1.370032,0.33279425,1.4251037,1.8666285,-0.8492324,1.2656265,-1.0172013,0.34256366,0.7491755,-0.048633907,-0.48019084,0.5176083,0.7035919,0.69718534,-2.565927,0.5806931,0.001606184,1.8062919,2.0471838,-3.0662177,0.54303885,-2.0053744,-1.1227227,0.85022485,0.08164269,-0.15064913,-0.43828455,1.2675434,-0.77483606,1.3124511,1.9114139,0.13750751,0.7154761,0.43419373,-0.44806156,-0.8909451,-0.59644765,0
12.036316,3.6948714,-6.8474374,-2.123495,3.7072368,-3.803167,1.5798382,-2.9686322,5.928303,-0.2903049,-0.19278912,-3.538647,1.7993871,1.9604417,2.2003314,-2.1453211,-1.3193173,1.5143408,-0.6959357,-2.4868362,-1.5859143,-3.2242005,-2.3372157,1.1881013,1.1911575,-0.985023,4.135062,3.8500779,-3.1529748,1.1261069,3.1653614,-1.2354697,1.4838128,-3.694859,-4.5475664,-0.11642313,3.4419162,0.18784901,-0.6790852,0.58180404,-1.4319354,-0.32421213,-2.331409,-1.1431258,2.3798482,-1.0054302,2.0562277,2.7158873,1.3923684,-1.8767821,-0.6502782,-0.7368078,1.0620548,-0.6050872,2.3648055,1.7366799,-3.3734658,-0.32217515,2.962661,0.7059609,1.2338656,1.9789162,-0.055260208,-0.5187437,-3.166126,1.385421,0.99701524,-1.7023289,0.28209415,0.58177227,-0.99160445,0.13880031,-1.0558816,1.2945446,0.7634523,-0.14047131,-2.2449267,1.205587,-1.1323174,0.37892026,-0.1603443,0.030813664,-1.1696382,0.94697285,-2.4650059,1.4293015,-0.866127,-1.367154,0.35667023,-1.6995778,-0.68483764,-1.4203156,0.08378329,-0.39838788,0.026408784,-1.2079477,-1.7892923,0.74837136,0.45691368,0.46130174,0
4.3159432,7.8754363,4.1364694,2.9602115,3.8536198,5.9736285,4.3499584,-0.8088138,5.8874965,0.4597241,4.8190627,-3.4483886,2.958188,-3.9069855,1.9310601,1.4764997,-4.80895,-5.0434275,-6.6777134,-4.2074194,0.11311318,-1.4340769,-3.068393,-0.56387305,0.3735544,3.475999,1.473478,-0.3980882,3.9632003,-0.027298601,0.9240957,1.3171834,1.0056635,-0.056460325,0.05173467,4.106183,-1.547086,0.5523175,-1.6302422,-2.0803957,-3.5280056,-0.4404715,0.42794138,-0.082611546,-0.5577095,-2.418257,1.1620163,-0.1985943,0.47223023,-1.3649013,1.5750543,-0.96441156,1.7115868,0.74182165,-0.79554856,-0.5934367,1.96692,-1.144097,-1.0210013,-2.5022826,3.2171361,-1.7434314,-0.8409356,1.0790606,5.142783,0.17483768,0.42305338,-0.6175612,1.3749307,-2.6477587,1.4157447,-1.895395,-0.25044712,-1.3511655,-0.38658473,-2.082225,-2.6566944,0.12678471,2.1931233,1.020839,-0.52828914,-0.8403077,-0.25988486,0.09971318,0.060111754,0.64728254,1.5989596,1.4433122,2.3482819,-0.34215683,0.43982106,0.26961634,-0.59637207,-0.14815426,1.8063949,0.4598866,-1.4061813,1.6997838,-1.1311064,0.6534164,0
12.234124,-7.6707416,-0.9394905,-3.4534514,2.582533,3.9083886,-1.515928,2.26337,-3.0778103,-4.3669705,-0.092746295,2.3763123,0.5538462,1.2362065,1.3029699,-2.4196038,-1.6186489,1.2305963,-0.75878644,0.7716521,0.29892755,2.2218187,-1.0798962,-0.4680952,-0.24949823,-1.485363,-0.24987718,3.0224323,-0.71409243,-1.0417194,-1.2678751,1.6207491,-1.6937617,-0.6683761,0.11826096,0.7755711,0.4187079,-0.6179955,-1.0782087,1.5808843,0.6302506,-0.41393065,-0.08893239,-0.5341991,0.93563485,1.0457377,-1.6710781,-0.36590073,0.81674963,0.47483093,-0.26260126,1.3861467,-1.5315032,0.20427956,-1.1654204,0.005565499,0.071128935,-0.8442921,0.8044896,0.7179083,-1.0160291,-0.64861965,0.74972343,-0.8695124,-1.5007212,-0.06421451,-0.89040756,-0.31573713,-0.7311777,0.25410214,0.76085836,-0.1240856,0.49958557,-0.088839196,-0.19929935,-0.05660005,0.042149562,-1.4906218,0.60464174,1.4983392,0.22100653,0.015814304,-0.881852,0.33511746,-0.35993865,-0.04414776,1.0689131,-0.24583691,-0.2826985,0.27246982,-0.5733851,0.18988396,-0.0035798426,-0.46893528,-0.065534994,-0.66523993,0.44780493,0.16787404,-0.48964176,1.0509144,0
4.3324866,8.404349,5.8396053,-3.4859068,1.6999288,-2.593067,-0.61388665,-5.5789957,-0.97852606,4.376759,0.22702514,2.1901708,4.6656218,2.891077,-3.7829797,0.962072,-3.6420605,-1.148098,1.4309431,0.48129624,-2.8534946,-0.5417367,4.7131133,3.6214764,-0.7539071,-0.14167412,0.90781844,2.7023745,-0.03862083,-4.127207,3.2541177,1.4997326,-1.8500401,0.00070580014,-0.32622162,-2.0278795,2.2404187,-2.2713325,0.015443666,3.0080998,-2.5372636,0.6083359,0.2335123,3.2804163,-1.1696211,5.275457,0.5957598,-0.12762702,0.5343431,0.3768859,2.0766387,1.2059679,-0.61161727,1.9157971,-1.1041793,1.5959637,2.5737677,-5.1059494,0.33308676,1.2693912,-1.9636295,-0.16144295,1.748127,-1.3578544,-0.32653758,2.9256103,2.3384335,1.420424,0.5809118,-0.9367739,4.0043406,0.25691575,-3.8474476,0.07191919,0.11775141,0.7970326,-1.1839315,1.0292403,-0.57975185,0.5063826,-0.23499905,-0.048460077,-0.77699697,-0.34332752,-0.39503193,0.8683226,-0.18497965,-3.5648236,0.11816911,-1.5610546,-0.38841793,0.1788257,-0.6976113,-0.41932955,-0.87349427,0.7780373,-0.17720577,-0.7751679,1.0571413,0.39606595,0
4.7376146,1.9080998,0.030517133,1.7053825,-1.7087988,-2.5953927,4.3486567,-2.4559953,-4.209267,4.133003,-1.9027722,0.975872,-5.766383,-4.282298,-0.07274841,2.074394,-0.43377653,3.7730513,0.08061745,1.6111926,2.2101555,5.6859736,0.9166097,0.56980646,0.13230579,-3.6939044,1.3142478,-7.975506,1.39492,-9.251423,0.6959269,2.1111722,1.9522371,0.6061171,0.9369443,0.97535515,4.3225975,-0.8493168,-3.2762144,1.5214282,2.1363227,-3.7452376,1.6653082,0.17168398,0.20199794,-0.98356515,-0.06970536,6.7538643,-0.9973724,-1.8101642,-2.4799252,1.3069984,3.748203,-3.036056,-0.880691,-1.6428821,-1.165948,-0.50239444,-0.7877179,0.06228194,-1.9478388,0.82874763,0.78435016,-0.1669379,1.9368732,2.1074002,0.060318634,-0.2798361,-1.1742803,-3.6356683,1.8837925,-0.6103745,0.0048584854,2.2648492,-0.9316507,0.9607623,-1.2273973,-3.5531714,0.23531623,0.36537203,-0.54488486,2.2328393,0.4565,-3.3445792,2.1044636,-0.50550836,-0.50067544,-0.4862104,0.22985649,0.42065758,-0.14785331,1.7042831,1.8034028,-1.7413033,-0.4333181,-0.20185195,-2.0409615,-0.5501551,2.1994278,1.3258272,0
8.455757,3.1828833,3.2543736,-5.485866,0.7550099,-1.1721648,-0.93146163,-2.6777275,-5.688618,1.386582,-1.18684,3.907086,5.1735024,-5.8659277,0.5042441,-0.4788115,-0.02128959,-3.1599104,2.270767,-1.3993435,-1.0186058,-2.037479,4.1832914,2.6099544,1.7295653,-3.2685814,-5.204443,-0.71969086,0.08585666,-2.3310122,1.5084362,2.117977,-1.9470708,-0.16377065,1.2204807,2.515307,-0.28613597,-0.6387333,1.0734823,-2.3163133,1.4903271,1.9785804,1.5091082,-1.0210849,0.27681637,-2.0909314,-1.1745934,0.06167313,3.1153493,-2.5090163,-0.23362908,-2.1426244,2.4458034,0.8827542,2.1951978,-0.7410289,1.9822066,-1.3886858,-0.18819715,1.7526021,-3.167242,-0.4425076,0.14138345,1.7742776,-0.8230767,-0.58489484,0.3932654,-0.97560114,0.7844885,0.8542672,0.3828254,0.08748608,-1.0099714,-1.3521014,-1.0366112,-0.4225211,-0.8002732,-0.31218755,0.015065061,-1.001977,-0.92883205,-1.1687826,-0.63407385,-1.4520346,0.8051936,1.5882642,-1.3803576,-0.015343066,0.6590836,-0.50860083,-1.580208,0.809958,0.76145166,0.88178796,2.0860682,-1.2601826,0.9982499,0.57563126,-0.010402321,-0.28882495,0
3.5312743,-0.46323502,6.7473907,-0.6168761,7.4160156,-0.94875133,-1.3426486,0.009618498,-2.8628287,9.054902,1.5625961,1.6019971,-4.265405,-1.4229068,-2.604133,-1.0130847,-2.8636436,-0.6323627,0.5834733,0.49199685,1.3349022,-0.58403087,-0.90596503,1.4207236,-0.41243497,-0.03956698,0.447141,1.0587704,-0.8650439,-0.21986108,-0.12924036,0.6727785,1.7857156,0.40500686,0.37456596,2.9932632,-1.3340118,4.0371737,-0.72538,-1.022234,0.36289874,-2.5387876,0.1811046,0.5775329,-1.1271164,1.501642,0.14576045,-0.4398307,-0.6141098,-1.9482772,-0.64438426,-1.4722725,0.16523755,0.82333964,0.26240745,0.35203776,0.93109405,0.003491461,0.123554155,-0.92072994,-0.4226817,-0.28121576,-2.4907684,-1.1172935,-0.43071178,-0.3749595,1.7666585,-0.09892589,0.69818914,-1.793606,0.25776902,1.5155606,0.6474114,-0.26715022,1.3179681,1.3956776,-0.13508682,0.90973705,1.9890379,1.1540401,-0.5562331,-0.43432274,0.47577238,0.40112668,0.4623105,-1.1907847,0.53005517,-0.61659366,-0.74142826,-0.20938385,-1.4288152,0.27913445,-0.18209766,-1.2843167,0.38502,-0.1360103,-0.35093924,0.091585726,1.3790779,-0.21376306,0
7.572104,-1.5914195,-4.889612,-3.044948,-1.8265593,0.7623779,-2.5140226,0.39929697,0.13491926,1.5763136,1.9121743,-3.0242357,-1.4113506,-0.35460207,2.2939806,-1.0494702,-2.9390092,2.6967213,0.11712156,1.3868921,-0.45022136,-0.0670359,-0.30007383,-1.9526049,-2.5504217,-4.5181046,-1.3247029,2.572135,-0.123873144,2.3780758,0.6200897,0.39572924,1.4932102,0.1726096,-0.30181822,0.4389463,0.87208223,1.22919,-2.3071353,-2.5108807,2.1509254,-1.3088982,-1.0020225,-0.7142649,2.2674513,2.4056268,0.7617899,-0.5851027,-0.5961249,2.1917853,-1.104582,-0.30690306,0.74442935,-0.6006278,-0.778001,1.340758,-0.94915,-0.36415273,0.45943934,-1.2835482,-1.6541048,-0.070987836,1.6324453,0.057888016,0.43201554,0.33825666,-0.20731337,1.2943603,-1.7382395,-0.5403181,0.95581263,-1.8762122,0.4170411,-1.1346976,0.47722456,-0.075138025,0.33649465,1.184576,-0.10252503,1.1987565,-0.41834027,1.186542,0.49335152,0.22591704,0.28753692,-0.23747796,-0.039417386,-0.81494623,0.7303263,-0.4962108,-0.51888275,0.0126965465,0.39232513,-0.59374046,-0.40598857,0.9327902,0.129416,1.1234089,0.85665625,-0.84245837,0
8.769948,-3.071507,8.027357,2.4040313,2.0721242,-0.061700325,0.7003612,-4.2937875,5.6227336,2.318254,0.32903954,0.42754057,-1.0869887,-2.4528244,2.3418505,-0.16946429,0.26330313,-1.9996585,0.5338868,-3.1995335,0.5987236,-1.1852769,-2.3903933,1.5790826,-1.9858305,1.3491523,1.2333637,0.7416684,1.5930973,-1.4004028,-0.3520221,0.76695114,-1.3258897,0.35616568,1.0094795,0.32764825,0.48609686,1.0880926,0.030481413,-1.8219553,0.024896663,-0.80843467,-0.33509532,-1.2845242,0.40578824,0.10927969,0.7582137,1.0274394,-1.1079816,-0.79880124,-0.054897293,-1.9003806,-1.7183623,1.664764,1.666031,-1.1351393,-0.17276753,0.94476956,0.43206352,0.6803179,1.9919485,-1.2952409,-2.2256935,2.3598452,2.4292536,-1.0366526,3.0130627,1.8649526,1.1433731,-0.80135286,-0.7654573,0.45921907,0.50642896,0.33716738,-1.0389944,-0.9756233,-1.9114466,-0.33556148,1.3620998,-0.60440683,-0.019452553,-1.3577803,-1.0086746,-0.51677495,-0.45439473,1.5661178,-0.20193058,1.1244749,-0.41221333,0.53075033,-0.6777956,0.4986814,-0.66137725,0.13149917,0.61961764,-1.5171969,-2.8941956,-2.1212823,-0.5547752,1.2738551,0
13.234932,-6.7983246,4.3430576,-2.7261767,-0.8602838,1.3125823,3.2456722,-1.6490588,1.9872342,0.5767422,0.5486482,0.14187011,-1.8984984,-0.2917324,0.46280256,0.93319243,3.179607,-3.0735223,1.2198557,0.021938926,3.7909253,-0.2584151,0.66897273,2.2737663,-0.48487723,1.3115149,1.0135239,-0.20441882,3.0412688,-2.0177312,-0.44096625,-1.3428093,-0.27130118,1.8196574,3.3176122,0.56612575,-0.07683429,2.1641545,3.153572,-3.1917868,1.4548228,-0.6958441,-0.8637377,-0.3691926,-2.8849757,1.5320584,1.4521948,0.027435863,-2.9712865,0.06873475,-3.2242994,1.3762381,-0.784721,0.75836146,0.73662066,-2.7415276,-0.5984768,2.133394,-1.5619681,-1.032762,1.7617109,-0.24090192,0.6908236,-0.56356466,0.28868106,-0.22658055,0.015464625,0.8648794,1.374221,-0.9750743,0.9399885,1.2106628,0.23110877,-0.36660874,-1.0379869,0.087736845,0.15801582,-0.77820826,1.0739945,0.13473235,0.03840236,0.517679,-0.15172715,1.099705,1.5582875,1.4793679,0.086099386,1.0533192,0.15273099,1.2228847,-0.11530901,-1.1837751,0.16361253,-1.02266,-0.27714267,1.4335403,-0.17177062,-0.070741765,0.9021831,0.20921126,0
8.939451,-5.2505865,-4.0982056,0.017800972,2.3080254,-2.072325,0.114405744,-2.136097,0.90722525,0.008112868,0.2629498,0.56180334,-1.9422945,3.3771741,0.9041563,0.67594665,-0.19476272,-0.39867738,-1.8553141,1.8757324,-0.3607424,1.3363323,2.1672065,0.7814536,1.1939586,2.342454,-1.4797626,-0.7969886,-1.8297392,-0.91931415,1.7228665,-0.5930635,-0.65479887,3.9873617,-0.13801469,-0.9667375,0.8254194,0.7347256,0.6501918,-0.7840852,-1.8433257,-0.6421676,0.81669384,0.1736048,0.06705707,1.5266815,1.604383,0.85867,-2.0577886,-0.8075443,-1.2394483,0.37174433,0.09944598,-0.6788133,-0.8037276,-1.4006187,0.6952771,0.4056896,1.351783,-0.7021353,-1.4007554,-0.7894011,0.034846883,-0.195753,0.3598231,0.66527647,1.0408479,-0.7357109,-0.6690524,-2.0481808,-1.3194985,0.040133815,-0.41838118,0.84720767,-0.17110881,0.18373246,0.033239204,-0.9308767,0.28892294,-1.9988952,1.0434937,-1.4119205,-0.41615543,0.0021034034,0.6329966,0.70256984,-0.73452276,0.42851892,1.5678056,-0.92085266,-0.2618947,-0.44829684,0.38648352,-0.06253396,-0.4953367,0.42729774,-0.78214204,2.1027324,1.7574903,-0.02241993,0
6.992285,-1.1124568,5.2340846,-1.4986503,5.195803,0.55616295,3.131322,-5.467505,2.4837413,1.7048339,0.05934147,-0.94258296,1.9643805,-0.3007579,1.0552273,-3.9787812,1.6762432,1.7575027,-3.3294299,-1.1017438,0.51919466,0.67525005,0.17396206,2.7797859,-3.861451,-2.859672,-3.7705283,0.13125731,-0.46655664,-0.9873926,2.5529025,4.468793,1.6294619,-2.2833025,-2.1073544,1.7887022,-0.28935567,1.4914135,-0.090209186,0.89683956,3.459274,-0.88674515,0.01775501,0.6164249,1.8360559,-0.5241969,0.2942998,-1.0549655,0.20923209,0.29554126,-2.1715763,-2.4921045,-2.9658372,2.0451822,-0.007105868,2.321053,-0.27210534,0.6713589,-0.275906,-0.62373906,-0.5815071,-0.93662953,0.59283686,-0.66055363,-1.4243892,1.1582496,0.008477827,-0.94527483,0.27966765,0.05165336,-1.947715,-2.185997,-1.0190558,-1.7326744,-1.6445754,-1.1008077,0.72973806,0.22102034,0.63325095,0.38844284,0.5621986,-1.1205598,-1.0018531,-0.561827,-1.0271728,0.37909475,-2.1179073,0.8744736,0.2373301,-0.18067603,-0.055839907,-0.7828406,-1.1487676,-0.02146935,-0.4731421,1.3972427,-1.5299406,-0.9430539,-0.191041,-0.94839156,0
10.523444,-1.6800109,1.2763015,1.889568,8.416327,-5.8887835,0.0926227,2.3481812,-0.03263711,-1.604553,2.1298585,-0.5187158,-0.44197693,0.25119364,-1.5214894,-1.9566027,3.750103,-0.089971066,-1.0250486,2.8184564,-2.3721337,5.110503,-2.5802567,4.2063055,0.8713919,-2.447893,0.986127,2.0674872,1.3629894,-5.25309,1.7757475,0.8380367,-1.250316,0.4027368,-2.3110588,3.3093467,0.16333777,0.16126208,-0.16907714,-0.62583834,-3.5616043,0.66715586,-3.404626,3.0261385,-0.29203662,0.114918314,0.28162074,2.9504113,1.5050758,-2.5159905,-1.8557085,-2.188798,-1.1843121,0.33638015,-0.79824954,0.9588788,-2.6816018,2.0507894,-1.7809161,1.7003596,-0.024958441,1.7666371,-3.6168983,-0.46776953,-1.4990598,2.0335543,1.1442102,0.8610508,1.32518,-1.4809027,-2.6602073,0.8638352,0.5660124,0.43196568,-1.1752567,1.224313,-2.378119,-2.9026225,1.5672573,1.7040937,0.50377595,-2.5064766,1.6192963,1.1763303,-1.1064413,0.5413982,0.6940252,-1.3829712,0.3612391,-1.0111723,0.56811357,0.8742159,-0.57928044,-1.2022616,1.0415484,0.41287085,-0.012912933,-0.8427264,-0.29098657,0.012439078,0
10.329993,-4.393519,-0.5971317,-0.7934398,7.4625087,-1.9469227,-0.0701307,-1.3046947,-0.75171757,-2.1846373,-1.3792835,0.87795925,1.1831981,1.7472844,-1.0172362,-2.9294581,4.754839,0.80504084,-0.77758723,2.196638,-0.7268285,1.3087207,-0.085431024,3.6563368,-0.713711,-0.43245146,-1.0234362,-2.0931091,0.9779436,-2.813485,3.4570918,-0.4209837,-0.28087795,2.1733565,-0.4312211,1.6329161,0.954319,-0.9612586,0.040382855,-0.17925541,-1.40676,0.51742476,-0.5580992,-0.65679693,1.7485017,0.6057454,0.27621385,0.31693524,-2.4257095,-0.469837,-0.5204945,-0.43086573,-0.73297006,-0.44473177,-1.7875121,-1.1211122,-0.47170284,2.0771675,1.3459548,-1.7651558,2.9174578,2.2499325,-0.78003126,-1.0631404,-1.7951487,-0.1504316,-0.5415701,1.160747,0.8344407,0.7714142,-0.96136177,0.4997153,0.4516276,0.8515337,-1.299469,-0.09447547,0.54656,0.47672653,0.10795378,-0.12579942,-0.48724234,-0.530626,-0.69364715,1.108883,1.2486162,-0.7803628,1.0525934,0.29148272,1.027306,0.06274066,0.6177567,1.05475,0.36493775,0.1250834,-0.8241211,0.019524194,-0.46074507,0.17310044,0.89216435,0.9374418,0
-7.980981,-4.8702297,-7.8824296,-2.7585661,5.803733,-4.7170734,4.5415273,-0.4054962,-0.80113286,-1.1564218,-0.23018906,0.28656915,3.026131,-1.1475985,3.0792167,0.35018614,-0.13678165,0.72925395,-0.51555306,2.4609416,0.63294595,-2.5142324,-1.150389,-2.3270066,-2.497394,-2.3943183,-1.8765239,-0.63320345,1.3460445,0.08691098,-0.20684224,1.8376325,-0.3271934,2.8522706,2.4725134,0.39256763,2.625415,2.8383062,-0.20034947,-1.4558209,0.20691216,-0.16067395,1.0489761,-1.3001167,0.14540799,1.2735381,0.7063109,1.4882579,-0.07871212,-2.2560525,0.5608894,1.299213,0.20750096,-0.78232604,2.7140734,3.5284207,-0.05003057,0.23868354,2.1150248,0.4233014,1.1319478,0.39623722,-1.4735506,0.46958005,0.6163209,0.20043242,-0.43683475,0.26927468,-0.7996983,-1.4997764,-0.91077876,-0.23978047,0.5476958,-1.3726907,0.5337631,-0.67547476,-1.3968722,0.9103212,-1.00979,-0.56623745,-1.892368,0.12215189,-1.276835,-0.03409499,1.4287508,-0.13199021,0.23767665,0.4860431,-0.4343822,-0.3906957,-1.4783993,-0.010701805,0.16906992,-0.043688927,-1.2636144,0.4394829,0.72021,-1.1241682,-1.3507153,0.9227224,1
-6.231834,2.38289,-3.1141589,1.2425148,-0.20577334,2.9128306,-2.5204723,-1.1909068,-1.896784,-5.875004,4.1549463,-11.069078,6.9952197,1.0000112,-5.2266903,-1.6791558,-0.350528,-2.4957364,3.461183,-2.2738361,-1.6801951,-4.486247,0.90041345,1.3213857,3.840858,6.943546,0.41717628,-1.5730803,0.5761313,-1.7817498,-1.7255627,-3.8119655,-1.5241408,-0.5502689,1.0539365,0.27789742,-2.387797,1.6348459,-0.122042656,-0.879525,0.8637514,-2.686394,3.2659123,1.4207675,1.0661062,6.209953,-0.6728194,-1.8455216,-0.7720661,-0.12524638,-4.480906,-0.17625333,-2.379967,-3.198782,0.09768371,-0.47283158,-0.9867734,2.9956553,1.8728583,0.9145782,2.2738662,1.2123351,-2.904582,1.6132339,0.08345342,-0.21781904,-0.7104284,1.3487406,0.14472044,-0.34015188,-0.17728025,-2.766493,-2.2387438,0.6541627,2.7296872,-1.8352401,-2.711432,-0.93200403,1.207444,-1.9158573,-1.6207113,3.2796974,-1.0162524,-3.1889307,-0.9165409,0.7217546,-0.42573515,-1.1349128,-0.44240302,1.2966431,0.45628837,1.8534987,-0.71276754,4.547414,-0.049572375,-0.90748596,0.9383403,-0.26313064,-0.42485806,0.5812731,1
0.5574194,-9.499454,-5.2100897,2.0414064,6.2395806,-2.189471,-3.4713337,6.154119,3.75479,3.060455,-1.1967366,3.2012327,1.926973,-5.9002314,-3.0398726,1.6000737,3.1134124,-1.151005,0.97981083,-2.5118873,1.6766953,4.204235,0.80455536,-2.9212744,0.5413082,3.8646524,-3.1315775,-0.33022538,0.6485031,1.687088,-3.675246,-2.6747384,3.1012983,-2.7493618,-1.4059423,0.23242964,2.188489,-0.35617825,2.4088347,-1.231522,0.98860687,2.3033285,1.8631614,0.23767981,-0.22332402,2.3454175,0.5710742,0.9627252,-1.6786863,3.2566855,1.307113,-0.15156928,0.9038579,-0.935842,2.3533525,0.40914708,-2.1819866,-0.037780855,-2.0845912,2.6188066,1.2825599,1.7323127,0.16336697,0.64168864,-2.030699,-0.5106375,-2.5728593,1.157868,1.3374223,-0.21029152,-1.325278,0.7335437,-2.097277,-0.60394716,-2.7574959,-0.35720214,-0.03904777,1.500856,0.4724186,1.6709731,-0.4707193,0.17264396,-0.26849866,-0.645197,-0.24970686,0.91928494,-1.1903464,0.62811816,1.1989559,-1.333282,-0.4944751,0.830895,0.45295456,0.3895169,-0.82751054,1.2353132,1.4896234,1.0614606,0.29271153,0.4336391,1
-13.353504,-2.8768232,-2.5450966,4.7792926,2.875332,2.8045337,-5.1548753,-7.71021,-0.0914715,-7.9922194,-8.587948,-5.726927,-4.243116,-3.1303015,-1.4284962,-0.3337775,2.6793246,-3.6698196,1.6195978,-3.5745513,0.8086318,2.1804724,6.194307,-1.1323073,4.2335534,-1.0501357,0.7543802,2.4221077,0.6086861,-1.4198306,-0.9377708,-0.16852967,-1.1113336,-0.41989768,-1.1492523,0.60241926,-2.849024,3.1619358,-1.1216698,0.79549074,-4.1313133,1.0198168,-0.65721196,1.3846192,-2.2471797,-0.5076963,-0.39403337,0.2882048,-3.2304342,0.93188924,-0.53463477,0.5403382,1.8540483,2.6129868,1.6314964,-1.7854097,0.6461773,0.036908243,0.036456417,1.5188346,0.0016673021,0.8859329,0.65062094,-0.43818095,1.9412783,-0.48832858,0.09172386,0.3819883,-2.905789,0.75317043,0.5737915,-0.2230773,0.02410479,-0.98295224,0.62590504,2.6035879,2.3050997,1.8438797,1.0947639,-2.4310744,0.68698883,-1.0064121,-0.8625378,0.6704837,-1.6544182,0.44594315,2.8652842,-0.8857009,1.4054527,-1.5782478,-0.7797352,-0.37614143,-1.0525862,-2.1681588,1.4354934,-1.9126782,0.5980921,0.76692706,-0.36132556,1.1183292,1
-11.476713,0.6755691,-3.0948436,-6.8205147,-2.3554733,-2.6350796,-1.4933668,4.068147,5.312744,2.1010656,0.42864278,0.25084326,3.125991,-3.267145,2.91934,1.3975655,0.22066726,-4.242762,2.5694017,-2.069802,1.5762333,4.5358386,3.1602776,1.6782207,-0.008658492,-0.30974323,0.49631593,-2.844737,2.6954956,-0.97916675,0.059167195,3.04967,2.43562,4.516283,3.8599067,1.4393852,0.29271808,-0.9992929,0.07174871,1.4569079,3.1549544,0.771268,-3.5145602,-0.4053449,-0.1415382,-1.0671474,-0.15304704,0.20292358,0.9518934,-0.59199303,-0.15286835,-1.2420902,-0.6999023,0.096400306,-0.585277,2.3009284,1.6931651,-3.224902,1.0487688,-1.4646606,-0.22341429,0.11212797,0.3343378,0.49112198,-1.1679239,1.6649342,-1.6245689,1.951024,-0.9223101,1.2912768,1.4482542,0.9254284,-0.35918465,-0.7283337,-0.7372144,0.40694594,-0.44854513,-0.14135818,0.3381815,-0.049007542,1.2864236,-0.5615109,-1.2905433,-2.42418,-1.3647243,-1.0702645,0.4236359,1.4035673,1.052555,0.11074838,0.4502035,0.98960054,-0.7394793,-1.0002003,-1.0994925,-0.5275778,-1.9880252,-1.1204566,-1.3556333,1.5260365,1
-9.810405,4.0366025,-3.8682132,-11.474897,-10.114772,3.221428,4.934173,-5.7564607,2.7131946,4.4854584,-2.1425533,-3.2807415,0.87428474,1.5993783,-4.977249,0.5953817,0.70735216,0.097562574,-2.344349,3.276477,0.73578715,1.155835,-2.425823,3.5502627,6.321192,-2.0308697,-1.5126556,-2.0800412,-2.968036,0.57866037,1.9731157,-0.44394556,0.5473147,-0.16439994,4.6794863,-2.4707022,-1.1974803,1.6996578,-1.6297777,3.4706635,-1.843621,-2.416791,-0.15284269,-2.4017458,0.3106255,0.7440603,1.3898587,0.36227858,3.2011409,0.16601893,0.5251108,1.975595,-0.85679144,0.9192426,1.889906,0.089043655,-4.5486917,1.1292685,-2.173047,1.1863282,-0.07086374,1.1056316,-1.6681718,-1.8186927,0.8461082,0.6371802,0.118681245,-0.113884576,-0.13968797,0.08491654,-0.37963378,0.24716495,2.3488941,-3.634733,-1.1422948,-0.5495581,2.1390944,-2.5335498,0.058757972,-0.08319754,-0.05353539,0.36434567,-1.9502358,2.3004854,0.8634201,-0.5243905,-2.8956988,1.6514006,-0.7266821,-0.6230648,0.2767202,1.7150854,-0.09042515,1.1665295,-0.3790195,-1.9493604,0.039797425,0.046951555,-0.5324282,0.0008039879,1
-11.105123,15.14533,7.576191,4.1129365,11.394185,21.108738,6.598561,9.261361,10.041024,-1.4301559,-3.4596236,9.7059,-7.6330805,10.060254,0.59373343,16.258387,9.087898,6.7198534,12.859993,-0.245914,-0.85220104,-2.3286035,2.8881717,2.0535533,0.09201286,-0.8939554,-2.723691,5.2323165,-3.4620218,0.037173014,-3.1995199,1.8701226,0.6568896,-0.037288077,-2.6366255,-2.642777,-0.7373227,-2.6862729,-1.01715,0.9903988,-1.5102673,1.8524318,-3.3856091,-1.3519578,-2.4889536,-0.88882005,1.0621389,0.90144145,0.7486728,1.6893052,0.4112996,-1.4805132,2.1579485,-3.5433357,-3.1924741,0.72600967,-0.581742,1.9783661,-0.7951103,-0.88240904,2.4392314,2.789488,-1.651508,1.303229,3.4201927,1.5847597,2.9960294,-0.23722517,-0.87548643,-2.3867168,0.33382738,0.6663892,-1.940726,2.2910545,3.0888855,-1.3322468,-0.39845175,2.4641974,0.32422507,0.20350541,-2.4788828,2.9552112,1.4686968,1.5069197,1.5303922,1.2732762,2.2076678,0.021155616,1.7513957,1.8263354,0.84497195,-1.1640351,1.6073158,2.598994,4.0912476,-1.5810344,-0.36334583,-0.0137422085,-0.4450851,-0.5122509,1
-0.5701808,6.346457,-3.9684443,6.894337,-8.54946,-0.42581755,3.6576893,-4.7249174,-3.9061768,-1.3827664,8.612047,-0.5781213,6.8188887,5.8312016,6.7428346,1.1549468,1.3516936,2.7523456,0.75772464,-2.4211254,-1.9816692,4.1716604,1.4668981,2.7847857,-1.794761,-1.8533299,-0.47070858,-0.2324977,-1.1561738,1.561631,-0.49954158,-3.7755878,-0.7775455,-3.9138641,3.2971995,-0.10503855,0.8501673,-1.2527328,1.3064733,2.4359126,0.40342787,-1.4983605,-1.9929619,1.3517044,-2.2656236,0.39524135,1.7827234,-1.2182122,-0.5214463,2.6529977,0.4540811,-1.7339141,4.6763597,-1.6484491,1.5708339,-0.7026361,2.233255,-2.6998582,0.6916203,-1.5693109,-1.9727867,-0.114222795,-1.1499257,-0.24784514,2.9748602,3.7203414,0.8740929,2.0172708,0.69323766,0.805229,-2.093868,1.519709,0.34590715,-2.3484194,1.1264905,0.98439807,-0.13162729,-2.3863335,-0.3263914,-0.64513946,-2.6078334,-2.5865664,-2.2752109,1.4366684,1.2001692,-0.5927049,1.5686533,-0.10447831,0.6716773,-1.5056162,-0.7370706,-0.102883756,2.0290952,-1.8692923,-1.631575,0.16397703,-1.1720033,-2.1567366,1.3633262,0.09627839,1
-8.995007,-3.7606373,-1.8098018,9.116345,-9.957237,4.6444716,-0.40364605,-0.38858354,4.3132615,-5.7462,1.0354297,1.235623,5.732819,-3.6060433,-0.45230782,2.4499114,-1.0460175,-0.737541,-1.5476575,3.2582743,0.43897033,-0.17364283,-1.9765565,2.0850534,1.9581393,0.2735234,0.07186906,-1.7114085,-2.4759986,2.7039957,0.5630558,-1.6781728,0.0039556352,1.4229958,0.747536,-2.078048,-0.14070767,-2.2083251,2.0797637,-1.4673427,-1.3508998,-1.1572037,0.5384884,-0.2651785,0.8442809,-0.49809933,-2.8055935,-1.6933316,-0.21683206,0.6563945,1.4309418,-3.081569,-3.3918877,-1.95645,-1.6042355,0.70308256,-1.2152479,1.4406877,1.2633448,-1.3161198,-1.1856596,2.7143297,-1.2994397,-0.10250889,-1.3615179,0.31627238,-0.983586,1.433855,1.3896904,-1.6370788,-0.66179645,-0.49848634,1.55164,1.4328567,3.1276374,0.7421592,-0.26744917,0.49845278,1.2229869,-2.14344,-4.0676007,1.2322155,-2.6430917,0.9927447,0.67093384,1.1812493,-0.59237915,-1.1461866,-0.05010431,0.38784152,-0.4212583,-1.109837,0.08006239,0.8482019,-0.18430005,0.60022503,0.22974868,-1.0798329,1.6384599,-0.50228286,1
-6.6651144,2.662859,-4.6492834,-6.9352684,3.326372,-4.608938,3.3334596,-6.1363473,1.3408794,2.2356362,3.386321,-3.0326397,-4.647719,3.2373943,-4.5961156,1.5040962,-0.4417902,-2.37474,1.49359,-1.8587453,-0.73470724,3.1184897,-1.9156696,1.8832518,-0.018942233,-3.643654,0.5010508,1.7826729,0.23747084,-0.5609419,-3.6737208,-1.8897551,-0.43308684,0.33671042,0.36888078,-1.8219137,-4.6690664,-1.3747144,-2.3518643,1.1320225,3.1285183,0.022570234,0.15732634,-0.6344919,3.9951563,0.35409054,1.011638,-1.1745771,1.0970205,-1.0176431,2.199,0.10639522,-1.6246663,-0.36280906,-0.229493,-0.6084982,-0.59932464,-0.45830688,-0.75881654,1.2860011,2.7242098,-1.0687484,-1.8180441,-1.3882381,-2.8203173,-0.74167836,1.3259628,0.35802904,-0.027230542,-0.46705285,-0.30928886,2.5759802,2.326716,-1.279308,0.94481975,1.9765865,0.3196077,-0.114788376,1.2823508,1.4100797,1.3779789,-0.97506076,-0.9205867,-0.8301469,-0.30699855,1.1475091,0.91758907,0.089561686,-0.00055180007,-1.0518563,-2.3457735,0.31368846,1.1196563,0.3092715,-0.058901083,1.8144866,1.2883416,-0.35306266,-1.3011781,-0.8174959,1
-6.2840395,-11.514641,-5.6502113,-4.7183127,-3.4696965,2.2205172,2.8148801,3.7968178,5.28032,2.4017737,2.7604313,0.90639484,-1.6234279,-0.273629,-2.5544944,-1.3224361,-0.6995115,-0.27680767,-1.1539865,-0.7959507,-0.7947927,-2.923176,0.9533161,0.9751851,-3.7896802,0.14353894,1.3773475,-5.3235016,0.31118566,-2.2878895,-0.565224,-1.0149453,0.5173499,0.0415275,-1.6686498,-1.7367914,2.2804768,-1.2534497,-0.44719782,1.9655272,-3.5497935,2.668653,0.7322104,2.7912028,2.1523616,1.1638856,0.65968764,-2.0516038,0.4852167,-0.51247543,0.5125198,-1.155086,1.2983317,2.0980606,-0.42384064,-0.2971755,-0.7350306,0.038291696,-0.6105838,-0.5691818,-1.0575097,0.6091547,0.77300113,0.09125074,-1.1879526,-0.4047709,1.2863905,-0.7822633,2.1876214,0.43552303,0.7271339,1.5370822,0.20373024,0.9796964,2.220896,-0.07632307,-1.4313632,-0.7618231,0.21730967,-0.2414683,-0.8289701,1.159698,0.9786445,1.0118254,-0.6490689,-1.5025543,-1.264424,-0.45705485,-0.25314873,-0.113344155,0.9685001,1.1226993,0.59338105,0.28695938,-0.48775467,-1.1186466,0.34077975,-0.03175589,0.65277255,-1.053106,1
-9.455959,8.504429,9.732981,-1.2147083,2.2578518,1.7687433,-3.683195,5.9230266,1.433689,1.3628057,2.0983555,-3.1575506,1.7861986,0.30902436,0.9165364,-0.90992445,-4.2806654,0.714325,-3.1452355,2.2243094,0.7347104,5.0850043,-0.63316476,2.5895445,-2.6609101,-3.0596244,-1.8959786,3.3230567,-0.41201824,1.5270816,-2.6170893,-1.2493927,1.9073795,1.527161,0.13787802,-3.140717,0.3725885,2.9653006,-3.4708173,0.86189014,-1.4251666,0.8646942,-2.2670124,-0.6842769,0.13238496,3.2425365,-0.36224347,-0.46701962,-1.5281492,3.5426939,-0.14622055,-0.69878775,0.6510905,0.5214037,1.3082614,-0.36755577,-0.4378945,-1.0380176,1.03066,0.5505918,-3.6379929,0.42575118,-0.91546917,-0.47190458,3.0927162,1.008066,2.5206559,1.3191053,-0.13851619,0.4464309,1.2143188,0.7901317,-2.4562082,-0.19988999,-0.33853343,0.845203,0.36934566,-2.5088801,0.3379636,1.5399117,2.4716914,-0.76882637,-0.4733757,2.9714978,-0.5507055,0.75846905,2.585538,-0.26713118,-0.67236614,-0.63984716,-1.4840893,-2.1222522,2.2850275,0.52111876,0.9732669,-1.3978331,1.976758,-1.9091045,2.3064997,-2.78784,1
-7.784226,-5.121229,2.5489187,-4.064567,-1.566589,-2.8890724,4.246627,-2.6205828,6.6747217,0.0035661748,3.55371,1.4354836,0.39116812,-1.6067277,-2.5197537,-5.0499816,3.7168493,-3.385154,-1.3132666,1.3192561,5.1277018,-0.03245997,-0.39753023,1.5878783,-2.5566497,0.31442773,-2.917261,-1.716067,-0.3875116,-4.2636595,-2.932673,2.5535946,0.45564023,-1.1318629,2.8246477,6.2390623,-0.55472565,1.3608159,2.872168,3.5252862,1.3136195,0.63823867,0.6508418,-0.6924083,1.3169649,-0.022796573,2.6524816,-1.9791906,-0.75953656,-0.7055128,-1.0335761,1.2501738,-0.7265259,1.6446604,-0.7957076,-0.054345954,0.85324997,0.46605775,0.6418712,-0.6018958,-0.3234081,-1.1309782,-0.2787184,-0.46390334,3.0664408,-1.4738244,0.9358153,-0.1601905,-0.32341915,0.55570954,-2.7691717,-0.75736225,-0.49884722,-1.1477746,0.43912345,0.8018169,-1.1616547,0.82007056,-0.35397166,-1.4812757,-1.1336021,-0.053003937,-0.79896814,-2.6455913,-2.6460807,-1.1854101,-0.992422,0.22793129,1.1040804,0.22811194,-1.1264247,-1.9392763,0.1125535,0.16896884,-1.4980412,1.0268708,-1.4145107,-0.53243804,-1.1600085,-0.08201621,1
-11.746704,-6.9584227,9.443379,-0.030300103,4.15997,1.639846,1.3963159,0.19257943,-0.3017174,-0.8982216,-2.1797981,-4.657673,-0.54213643,2.7186332,4.8102145,-2.5131984,2.4727232,-1.531001,-2.6346517,-4.102039,-0.79378676,-1.019191,3.9649138,-2.464342,2.7245371,0.5292333,0.9343953,-1.8076499,0.54600567,1.4232635,-3.5233202,0.85599077,1.702521,1.8508247,-2.1262138,1.7724463,0.26281866,-1.9828974,0.2641346,-2.5824006,-0.3585079,1.8941346,-2.9991665,-0.64415914,-0.3753458,-2.7032294,2.6870258,-0.95608974,2.076585,-0.7982675,-1.4352247,0.11187887,2.008034,-0.6629677,-2.3086753,-0.1278686,0.37716597,-0.9247049,-0.48243657,-0.61065614,1.0950156,-2.0437875,-0.17813656,-1.7954335,0.55939364,0.18168364,-0.7372834,1.8075724,0.7010368,-0.17332856,-1.0779517,0.37913772,1.7003425,-1.5901732,-0.29726586,-0.6802248,-2.5611987,0.84303105,0.11565536,1.1163738,-0.8164842,1.1765134,0.8826277,-0.10692111,0.08634936,-0.032413132,-0.784525,1.5197246,0.65140146,0.3745836,0.6412293,1.5863866,0.9347002,-1.7768188,-0.28740817,-1.7340771,0.41066837,1.7840028,-0.41998196,1.9211116,1
-4.0747833,-1.7679762,1.5995753,8.5016165,-10.5337105,4.6149592,4.4532876,-3.58016,-2.0664496,1.5433035,0.7090808,6.6611466,-3.133319,-1.3209955,-0.59801793,0.04315977,-1.6616077,-0.8701046,-3.909671,-3.1882741,-4.3120875,-0.5904582,-2.0982502,2.540276,0.7724343,-0.36837497,3.9320252,-0.49020264,0.8656592,4.9336753,-2.072207,-2.205241,1.9064095,1.0258948,5.3103833,-1.3826133,-0.94362307,-2.2947004,2.4398055,-1.5639371,-3.549865,-1.2272835,0.79804766,0.90557325,1.1884626,0.09235607,0.012109517,2.1807766,-0.8865261,1.2774653,1.7392777,-2.0423303,-1.2806232,-2.159362,-0.1672857,-0.6714935,0.48177567,-0.30919573,-0.018545989,2.1446726,0.90566915,1.2939726,-0.061472777,-2.3295245,-1.3040346,4.120429,-1.048763,-1.5277903,-1.2488331,0.88371944,-0.99646705,-1.2493913,-0.1709276,1.6611396,1.3291256,0.9621556,-1.2259207,0.65255713,-0.76323336,-1.8494462,0.7330899,-0.68641245,-0.45524883,-0.63978976,1.9213345,1.1559707,1.3716661,-2.9323382,0.22004542,0.63452196,0.9368505,1.1345203,1.7654486,-0.9593355,1.1325839,-1.1501976,-0.02468624,0.4837381,1.4606478,1.1600279,1
-8.301474,0.57088196,-4.9592266,5.559467,-7.844501,-2.3265688,-0.93654436,-6.2687707,3.2480555,-0.4952877,2.4070058,2.7768426,-6.900142,-0.6986329,-6.1010165,0.38638908,-1.4525934,0.19438308,-0.31696773,2.0641305,-0.8229538,-2.6295712,1.6750889,4.778203,-1.9919897,-2.8002553,1.3530335,3.4763973,0.5413684,6.560249,-0.71286225,0.039971367,2.2342803,0.65472305,0.020130292,1.4888124,-0.19552073,0.4958088,-2.7917554,1.9081947,-3.6821508,0.89128965,3.0315468,-0.014613891,-5.2987185,0.159819,3.1664016,-0.39514193,3.2738695,1.3884178,-2.1546383,2.0465863,-1.6786349,-1.956536,-0.4344944,-3.1250684,-0.9523481,-1.2099323,-1.1868107,3.4488778,0.19870707,-3.8614457,3.772221,0.06663733,-1.1668292,2.0393581,-1.5520751,-2.6873052,1.1525631,-1.5105157,0.33331996,2.4251666,0.3210002,1.3500028,-2.5666409,3.58761,-0.95234495,0.18025655,-2.495299,-1.9543288,2.631292,0.97399175,2.2417867,3.6767306,-0.37673524,-2.0038693,-1.3920369,2.9803705,-0.18285593,-1.9818114,-3.023253,1.5586563,1.5292563,2.3634229,1.7427284,-0.67238796,-0.8802735,0.8746888,0.38366196,-0.7916238,1
-8.203709,-8.637112,-5.851692,3.2184134,2.1258295,1.448149,0.6580802,0.007520792,-2.8307207,1.2760917,0.6553802,3.2732272,0.42788795,-1.4901006,3.5528307,1.4467132,-1.5939449,2.2799878,-2.1199143,-0.059186522,-1.3580252,-2.7763383,-1.0311023,-0.6644262,0.72058946,0.030791625,0.46748173,-0.118676685,-2.5880573,1.1968337,0.2190668,-0.16160235,-4.059595,0.85822296,2.6149898,-0.65613097,-0.5221714,0.9582993,-1.4747795,0.33218268,0.7522961,-1.5328494,-0.9194147,-0.68740654,-0.41400895,-0.5426263,-1.186952,0.17321862,0.0013131452,1.2856607,-1.1489985,1.5648,0.13315101,2.9666758,-0.9860266,-0.3193967,-0.25791088,-0.32299078,-1.6240499,0.7278688,0.7057271,-0.0925429,-0.49661535,0.010716941,-1.4444202,-0.56923294,-0.8717056,-1.1935042,-0.9244844,0.91334766,1.5991483,-1.1891965,-0.7446453,0.2986007,-0.4285935,0.28553537,0.44697243,0.22925638,-0.0016381692,0.13829736,-0.18433431,0.5610398,-0.47728604,0.90128887,-0.01378494,1.248967,0.2674095,0.7941951,0.55036956,-0.08699655,-0.0640893,0.3630324,0.6820855,1.115919,1.1978662,0.72411823,0.7830825,-1.4576135,-0.9146235,-0.8509707,1
-7.3763595,-2.896526,8.162049,-5.756491,4.022444,-1.0227958,2.1734226,-3.8768644,-3.9256759,-7.58725,-0.30085534,-1.4642147,2.7257197,-3.5090687,1.3140761,0.18680045,-3.7197294,4.4357743,0.33510724,6.2612796,-0.5159662,-4.068355,5.6038523,-0.90899676,1.2200217,-2.018286,3.0757182,-0.35370305,-0.41355586,-6.2256556,-0.9286131,0.4861135,0.89600146,-1.2895124,-1.3583486,0.44903806,-1.4906769,2.3144302,1.5670277,-3.1657398,1.7484186,2.556982,0.25847527,-3.3714552,2.5749772,-2.789766,-0.3993772,-0.37327248,0.37560612,1.1202248,-1.7925462,1.9975568,0.30800804,-0.56365496,-0.8191072,0.7234778,1.0866042,-1.0863612,1.5770657,-1.0576943,0.95983535,1.8756199,0.30628672,0.15991966,1.3699663,-2.1670854,-0.30975097,3.3936646,0.57312816,2.1132467,-1.8696369,1.5040101,-0.6320483,0.8404472,3.556562,0.9133318,-1.5455298,2.1296449,-2.9886281,0.013527172,-0.79277194,-0.38312128,-2.0833242,2.4704776,-0.18084669,-0.093446545,-0.46124747,-1.6414169,-2.6795144,1.1421736,0.42658806,-0.5958317,-1.0829594,0.85078245,0.066390954,-0.25052917,2.2093306,0.31218585,-0.96998197,-0.10419315,1
-3.2571907,0.7762912,2.390591,-6.5479655,-1.4581227,-6.4710193,5.8983545,-2.9489548,-2.9722862,-4.4954233,2.6909158,3.1181996,0.6176064,-5.845355,0.75164306,-0.5399543,-2.5077949,-1.3455672,3.9662886,-0.87225133,-6.204967,2.8759696,1.1648582,0.65781206,-1.9278404,-1.201731,-4.4795012,0.55633324,-2.1005197,-0.81686866,0.96655834,0.13709754,1.3883592,-1.9560088,2.419036,0.2808373,-0.09488867,3.3451154,-0.26204076,-0.25732332,1.5257503,1.0321141,-3.3604658,-1.8992049,0.24573769,-2.0629892,-1.0670292,3.095904,0.12200573,-0.91702014,-1.5222578,1.6348846,-0.03655192,2.132704,0.5567957,0.027894005,-0.92564064,-0.12851532,-0.5431655,1.6994046,-3.244041,1.1733768,2.604532,-0.8647484,3.2162597,-0.4291104,-0.08849515,0.4568077,0.93846714,-1.0967,1.7302451,0.2036721,-1.3289882,0.99868107,3.9547641,2.503179,-0.081278615,2.4415972,-0.2389492,-3.0190003,0.3535193,-0.31537953,0.958797,2.5139384,-0.030684575,0.51436806,-1.3874433,-2.3442373,-0.7142229,0.97902393,-0.4421625,-0.82661045,0.5418347,1.4037703,-1.6651231,0.46413225,-0.24603608,1.5792817,-0.27726996,2.450935,1
-1.7511367,-7.148865,-3.7250998,3.5679612,14.197361,-5.39299,1.6191864,0.86237335,-1.940266,0.77446294,1.1756443,-3.3663237,0.08325789,-0.22901772,-5.6333327,-2.893378,2.8008044,0.41022927,1.471466,0.016037634,-2.0119443,4.5556235,1.1789824,0.37065914,-0.26078656,0.6880553,1.7169588,2.0151925,-0.5034807,-1.2076737,-4.374413,0.16608663,-0.06879874,-3.1160226,-3.3597155,1.1062872,0.56209564,-0.75027025,-0.36204442,0.45505956,1.1111449,0.61270374,-0.04963838,-1.3059071,0.92710483,-0.32878098,-0.8617241,0.9386992,-0.85139227,-2.2137454,-2.3609397,-2.879894,-2.2708523,-0.8646585,-1.057041,0.3363032,-0.9890309,1.3961607,-1.8202655,-2.00326,1.549561,1.7819567,-1.4735848,-1.0456539,-1.2030728,0.3809918,1.628388,-0.71781385,0.9557758,1.0455495,-1.4433197,0.1257136,-2.3749597,-1.4651556,-1.8626896,-0.39545503,-0.8008551,-0.8880855,-0.84361374,-0.5991817,-1.5462848,1.3432554,-1.2213768,0.15106122,-0.24951312,0.20592895,-0.92309713,0.05406957,-1.0371275,-0.35214153,-0.36811662,0.7104101,-0.2877852,-0.5855093,-0.2566045,0.97320634,-1.3980095,-0.5083117,0.7495916,0.6286835,1
-3.5166357,8.28421,2.555794,2.704257,-9.675209,-0.7166597,3.0808113,-1.0953808,-7.5273848,0.3061148,-0.11613912,4.7574034,-1.8098514,4.0986037,2.670341,6.3919387,-2.6365628,-6.0430818,-4.9133034,-0.9590203,1.6521803,-0.768196,-2.1482604,0.74070513,2.384669,2.3954263,2.2338333,2.3928485,3.3616083,-0.8632711,-4.441455,0.82278264,2.7221134,-3.1597497,0.9221772,-1.6343063,0.8369084,2.7716863,1.0616039,-0.19450788,-4.705928,0.35335737,0.9645723,2.4022934,2.3619652,1.297253,-0.10137714,3.3105197,0.36556113,-0.8102482,-1.8718845,-0.61775094,3.0708148,-0.6744256,0.21578288,0.22921157,-1.5677142,4.1227546,-1.2156035,1.4665751,1.257855,0.008753118,3.0408654,-2.0370736,0.5931846,2.981513,0.09465148,-1.7603276,-0.27889284,-2.7873964,-2.6826355,-0.73620796,-1.6184099,-4.85284,2.9184945,-1.2991123,1.9987798,-1.3613153,-0.7874605,-1.2044244,0.8517864,-0.9678721,0.49779764,-0.5617338,2.1129143,-1.3301189,0.89703375,-1.333037,-0.3539067,-0.48525244,1.5670601,0.4111666,1.3539723,1.3048003,-0.47873202,-2.035156,1.6198915,1.5859063,0.8546985,-1.5712181,1
-9.771565,-5.5970836,9.359163,-0.74839735,7.2617645,2.3335757,-0.77635133,4.3353124,-0.36620748,0.93411887,-4.003236,0.67187047,-0.15357117,3.811845,3.1172345,3.3016362,-1.4415995,2.6485648,-0.8290633,-2.339639,-2.2085168,-3.016789,-0.11027392,1.406773,-0.7711247,-1.4434822,4.121172,-0.50345063,-1.716989,-2.079836,-0.59091574,-0.9014479,-0.5617376,-1.2541832,-2.0345461,-1.1128814,-2.11708,-1.7082947,-0.9269235,-2.1069455,3.3177962,0.42176574,0.20366123,-1.5957857,-0.039600708,1.248835,-1.9084302,-2.307959,-0.13814743,0.13253708,1.2878333,0.06965269,1.8131764,-3.42789,-2.654161,-1.9505403,-1.076269,-0.56773096,-1.6630759,-0.23038454,2.4841099,0.8805674,-0.7346929,-0.44307944,0.43802747,-0.5331528,-1.6292808,-0.84077823,-0.28017473,-0.15000135,-1.6906395,-2.3530617,1.3666947,0.8662978,-0.36993298,0.25656512,-1.5498385,0.32738012,1.2389847,0.53834,-0.17361377,0.80256486,1.9229579,1.5613219,-1.2294945,-1.0808876,-0.5506325,1.8319124,0.95998824,-1.9374126,-1.2251842,0.3303137,0.6887434,-0.14242792,0.76304394,1.5246593,-2.0943348,1.0858349,-0.7693526,0.43082818,1
-7.4783425,0.9760114,1.649757,5.29692,-3.7119942,1.6759716,-2.3839679,-4.025962,-11.889163,0.9233618,0.5637835,-5.327094,-6.046894,-3.2850983,-7.87657,-0.51747966,-0.19307968,-1.702844,2.8634882,-2.8499496,-0.6409116,-4.3351417,0.4993657,1.2379636,-2.2404296,1.3223233,0.6614386,3.5942585,-0.3745694,1.9561881,2.527464,1.7528199,-0.6816305,-1.8845615,3.3165987,0.84794384,-1.8958166,0.7152788,2.7199357,0.027329177,2.4847693,0.46207875,2.2903533,-2.1677108,-0.08447424,0.14130594,-2.4945288,-0.82633895,-0.08266851,-1.5465983,-1.6814535,-1.2208643,0.8746889,-0.7022533,-0.70619327,2.0866199,1.0378497,-0.9576565,0.95657796,1.337816,1.4762133,1.7724931,2.1366138,3.2691586,-3.5613165,-4.5149674,-0.40498403,-0.05301311,2.9426918,-0.11247259,-0.9807818,-0.20191169,-0.40030086,0.2566757,-0.35359374,-0.8167181,-0.4665739,-1.3395703,0.66425693,-0.3213961,2.4485726,0.13719599,0.966218,1.7317122,1.6525569,-2.6983757,2.3297706,-0.73884976,0.22022742,1.9261025,-0.254931,0.57135296,1.3806001,2.0580132,1.8243996,0.94626915,-0.34596133,1.4644156,-2.0120816,-1.988144,1
-8.599637,4.3737698,-7.91459,-7.2713413,-4.0453696,1.5041553,-1.7853863,5.9795184,4.0264344,3.2162638,1.4460578,-3.9208472,2.1038213,2.463537,0.26235735,-1.7289367,0.90834403,1.3508785,2.6283557,-3.8323188,0.505908,-0.29842246,1.5718671,-3.824376,-4.4756265,-2.2168055,-0.85095507,-0.85515094,7.687198,0.029827788,0.09115858,-1.0993507,-3.5499902,1.0668129,0.102294125,4.114225,-1.2108417,1.0337409,-1.104645,-2.6307456,1.2309842,-1.9179063,-2.0455554,0.48518315,1.1563263,1.2290815,-0.06305551,2.6780603,-0.8775033,2.167269,0.9151586,1.8164836,0.28429565,-1.8869026,2.31857,-1.4328862,-0.6542631,-1.3963962,0.90900946,0.33549693,0.52071923,-0.83766717,1.0267669,2.434695,-0.84196824,0.60088694,-1.1394945,-0.8953041,1.8531826,0.6692123,-0.845489,1.4628365,0.6470636,-1.8875234,1.4316719,-1.6373739,-1.0320351,0.3576678,0.6101671,0.5659834,0.3793232,-1.530241,-0.2721528,0.111132026,-1.3252859,-0.012533624,1.1052666,1.2321625,-1.868456,2.68577,-0.35846633,0.66668993,-2.1757991,2.0718024,-1.078455,-0.2717164,-2.5213315,-1.7349285,0.021936787,-0.47386268,1
-4.0256863,-7.341965,0.24331035,2.3764138,-0.6033288,-1.2913487,-0.99711,-2.2113953,2.4886322,-10.088534,2.1564975,4.311082,5.790589,-0.7382547,-4.004418,1.0952237,1.1434641,-0.91214573,-1.2007549,2.6141775,0.43169633,-2.0480566,-5.7734766,0.85055935,-4.4513035,2.606435,2.0086606,1.6993577,-2.7244265,-0.08463754,1.242803,0.9034486,-1.00271,5.5621996,0.85771036,3.3804502,0.6427513,-0.5271217,-0.18240716,3.069053,-1.5328217,1.1898344,0.10831761,-1.0934258,1.6263436,0.91396517,2.9822605,0.02229853,-2.0165799,-1.2743467,0.652086,-1.6325439,-0.30181798,-3.0406477,0.33039543,-0.25713792,1.0095352,2.0948732,0.952936,-0.39049572,-0.02190683,-3.582153,0.32514277,-1.0171424,1.3556536,0.73729265,0.7359716,-0.025107233,-0.23980129,-1.0896646,1.7827235,-0.119295746,1.2991041,-0.14536597,1.4041151,0.62049544,0.054987043,-1.2073662,-2.73015,-0.43708542,-0.26294723,-1.6615447,1.3441855,-0.68734944,-1.5240086,1.630964,0.012844351,-0.3437115,-2.1588442,-1.4103173,2.1732469,-1.3248184,1.4116349,0.39681998,-2.9573143,-2.9018776,0.648339,-0.5278917,1.7491659,-0.05180626,1
-7.7159157,0.7290799,-10.380815,3.9676223,-10.794511,-3.341484,3.400848,5.1205764,1.2318473,-0.72736377,-3.7562058,-0.6379777,5.0791636,-0.31655315,1.7584182,0.89856845,0.9960516,3.1321971,1.7038538,2.3467326,5.6593657,-5.4602985,-2.3631065,0.14808086,1.7182178,-0.5692995,-4.642478,-2.2077131,0.2610676,3.2781925,-1.8624123,-1.7851936,-2.2858381,0.97846615,-4.7522407,4.850827,-1.4205681,3.5956461,-1.9618075,-1.1908572,1.7727834,1.690223,-0.37416786,2.9714456,-0.7974675,0.8164487,-0.26994327,2.0904918,1.045822,0.5190946,0.28486463,0.6258072,0.94764864,1.6393604,-1.8020173,-1.2053958,-0.5909803,-0.10024501,-0.71615535,1.7411741,0.52111655,-0.14795408,-0.036930796,1.140629,-1.5880039,-2.2532005,-0.13328004,0.6260957,2.3579159,1.6685919,1.3129748,0.19396722,1.9759461,-0.32533762,1.9946247,-2.2674844,-1.1339384,-0.1616568,3.4353285,1.5514209,-0.41132784,-3.5909028,0.39122596,0.6536534,-0.98940516,-0.80309665,1.4343857,-0.231508,-0.26748157,0.846028,-0.21093048,0.9906229,-1.1627706,-1.4685222,-1.7275501,-1.5633681,-0.8914822,-0.71100074,0.36829895,-2.1460474,1
-7.85203,1.4439799,1.7719223,4.5249815,0.42275453,3.6448011,-4.182101,-6.3007746,-7.835578,-3.565888,4.74574,-4.112181,1.3155375,4.047233,0.008824091,-0.9456026,1.6417317,-2.208879,4.33248,-3.1408927,-3.0168746,-1.537895,1.1886942,1.1716052,2.2660832,0.47935474,2.8378694,2.3828092,0.76262045,-3.0665553,-2.4869812,-7.894897,0.6572541,0.9836446,-0.022387678,-3.0751684,-1.102141,0.8147153,2.5956955,0.25543362,-2.8540938,-1.0403081,4.5336647,0.5190143,-0.15725072,-0.35550243,-2.098923,-2.2173595,-0.26023933,3.0538557,-0.4412519,1.8859819,-2.467618,2.499451,-1.7430955,2.2166836,-0.92079604,-0.7870849,-0.76929593,-2.1852977,1.5108342,2.2529438,-2.3856294,0.15315005,-2.2029946,1.7792163,-0.9733595,-0.97267836,0.90587646,2.4602482,1.7267566,-1.1342249,-2.094841,0.098464556,0.89410657,0.5271927,-0.19548254,-0.92147875,-1.441673,-1.6905566,0.4074251,1.8392364,3.8782606,-2.5430126,-1.5968229,-0.8462972,-0.32173964,-0.9965761,2.3472955,-0.1449982,1.1483594,-2.0152729,0.6787738,0.23841345,-1.548802,-2.911697,3.3319588,0.5906856,3.4301813,2.8410206,1
-7.916353,-3.7371268,8.639004,6.909181,2.0924451,-0.26056027,3.911915,-5.0055814,-1.4624096,-2.4280267,-1.4096392,-5.6386847,-2.2781787,-1.79948,-3.801372,-3.3491273,1.9921354,-0.12707855,-1.3867866,-1.7007519,1.223771,2.4240043,3.5761592,-4.769738,-0.11077197,0.19637187,-1.082405,1.0967323,0.27810705,2.8138332,-3.9801428,2.8171427,-3.0506988,1.4112376,-1.5693092,-1.1178155,1.9668852,-1.5805066,-4.094113,-1.5344924,-1.0070919,2.229802,-0.10578931,1.7026117,-1.2478435,-6.024905,1.7468262,5.103797,2.9121523,-0.7958438,-1.4723223,2.604793,-3.2953486,-0.75518894,0.8660556,-0.7013106,-0.7654971,-1.7003763,0.5795787,2.2547855,1.0443094,-2.5638688,0.6696073,0.52046746,0.20351961,0.77774405,-2.4884355,-1.9577277,-1.7552234,-1.7197121,2.6060426,1.5560818,0.7898436,1.3548776,0.45573902,1.1192368,1.0691082,0.58208776,-1.1894566,-0.6630328,-0.21179977,-0.09896145,0.41590062,-0.30025738,0.8768186,1.9540497,-0.4652104,-0.7718383,2.9268298,-1.713484,1.6539383,1.0343567,0.2772797,-1.8320824,1.5936589,-1.3503833,-0.60485154,1.1617721,0.5737133,1.3014449,1
-10.249561,3.304065,9.431589,-1.760568,-6.3067102,-1.2113324,-1.0662402,5.0387797,6.312445,0.060166117,-4.3793874,-2.6637182,1.9610742,4.633268,2.4405093,0.48028845,-1.8052046,2.8291037,-0.8153824,-0.117566615,-1.6830968,2.2359998,3.8624704,3.2412984,-1.2074119,1.0948169,-1.0625122,-2.824758,0.14066336,1.6216003,-0.41803566,-0.30307776,-1.1728891,-0.69064546,-0.5400615,-1.5973473,0.5623245,-2.728644,0.83042866,0.0031459054,1.0417486,3.5466964,-0.77611333,-0.39129215,-1.3452562,-1.1866965,-1.3062004,0.64414984,-0.62503254,-1.0887495,0.058380224,-0.7033604,1.0295919,-1.5068952,-0.34417742,0.78144693,0.44527447,0.24827735,-0.9337936,0.40451655,0.17707151,-0.45432004,-0.33456126,-1.2397037,-1.3447442,-0.18504097,-0.662886,2.6242092,0.86438733,-0.73347354,-0.84811395,-1.1113805,-1.4486936,-1.6002315,-0.6880867,-2.9826283,1.4286759,0.5632371,-0.35656977,0.13394807,1.4235793,0.59518087,0.730723,-0.06803106,0.5458724,-0.38143697,0.39011037,0.92463213,1.832818,1.1864126,0.022535017,-0.47161642,1.2997541,-0.30630806,1.6392512,0.2745297,0.6709937,0.024063276,-1.4089682,0.0457972,1
-5.8291173,-0.9387126,12.182726,-1.3648785,-2.3194108,-4.32867,11.00705,-4.105772,6.358794,-4.7647967,-1.6866494,0.41610512,1.4612844,-1.0750883,2.1096344,-3.6889877,0.8602098,2.0324647,1.3860778,-1.7426476,-1.1969622,1.0526036,-2.288538,0.7927246,-3.854374,-1.8980302,-0.75147325,0.9873089,-2.6234667,-1.8942472,-1.2618406,0.5161866,0.92854244,0.18016724,1.0469049,1.2832804,0.79624367,-0.30763802,2.545199,4.075982,-0.30564585,3.3471115,-2.7605195,-1.5912511,2.8605528,1.9832466,1.1444062,0.5032248,-0.6187016,1.4607698,0.004223348,0.4857374,0.6183645,-1.7932851,-1.5804445,-0.8904801,-1.4219975,0.7527302,-1.0921949,-0.6458507,-0.8286956,-1.2476556,0.91500574,-0.43528274,1.4388767,-0.8106395,-2.448535,3.737306,-1.9658438,1.2125041,0.052717157,0.047374196,1.8766924,-0.27141267,-1.3476293,-1.2833511,0.3494349,0.12107751,0.9905419,1.3618605,-0.14100355,0.33034834,-0.3625084,-1.8490567,0.12961537,0.11878246,-2.512747,0.46355182,-1.2045842,-0.64675635,-0.5836748,-2.3624792,-1.1682715,-1.0613276,-1.0648174,-0.46473062,0.4818642,-0.30461136,-0.15765628,-0.10871958,1
-4.7952733,4.52911,0.6145702,-7.019094,2.445293,-1.8643501,-5.661176,3.5861397,-4.226631,7.489596,8.383895,-1.3047724,0.49004772,2.6990871,-2.33272,-0.23756857,-0.62912065,-0.35737327,-3.3003845,0.71124536,0.91408026,2.081379,-1.8360494,-0.5046452,1.6668797,1.6723123,1.4144484,1.0683548,-2.3264673,1.254264,-1.088663,0.86474377,1.4917048,0.813043,-1.6621859,3.4295413,-2.1972656,-0.32724208,-1.9126416,0.43606266,0.1363498,0.522652,-1.385801,-1.0268306,-2.9241216,1.1391203,0.12924162,1.9376514,2.2737813,-1.3445127,0.06607276,0.568801,-1.9313111,0.9823095,-0.62004644,-1.4916902,0.62497157,0.67659545,-0.306766,0.10101831,0.28086856,0.32346216,-1.3925415,-1.7913795,0.3624357,-1.3868619,2.043428,3.4023297,-2.8871229,-1.2495477,-0.7872587,-1.3189313,-2.977368,1.4932871,2.2972221,-0.13563891,1.8757418,0.29141295,0.3760893,-0.63080484,-0.9764156,0.07126582,-0.7077984,1.2521826,-0.38747734,-0.96431327,-0.43759292,-2.3128974,-0.93532443,-1.134651,-1.3943335,0.07049128,0.85640496,0.17711003,0.036727823,-1.2895709,0.9637145,-1.108219,-0.33047965,-1.2654476,1
-8.151177,-3.9573152,3.2583792,-5.990056,-5.9549246,0.48890123,1.1224523,-0.83229214,0.21588607,0.21866196,2.303472,1.2925727,-2.494351,-6.5111065,-5.040741,4.5748634,-0.5390522,7.751044,-3.227599,1.606755,-0.7553143,3.7153573,-1.7436329,-1.3559854,-0.81810045,0.43550572,-2.8426654,-0.57309926,2.536028,-0.7789145,1.1213247,-5.131404,4.3392916,-1.091824,-0.59128976,1.5470103,-0.10129379,-0.6528228,0.9610017,-2.0816734,-0.6093422,0.872097,2.2382395,0.71123093,-0.94122005,-1.5553063,1.2211686,-2.10139,0.012132495,-3.0958517,-1.2964821,1.6450942,-0.5543028,0.055638738,2.2061894,-1.3173732,-3.6871455,-1.7977746,1.7421538,-0.62216383,-2.690031,1.3889596,-1.192898,-0.64362144,-1.4094883,-0.3120545,0.9895453,-1.4348495,2.0558653,0.4308988,-1.7127727,-1.5348774,0.19590087,3.331448,-1.1591392,-2.459716,-1.1851588,0.3172703,0.45461977,2.4112465,1.1355213,-0.1424335,-1.7607598,-1.2755502,1.3633661,0.27570271,1.9043918,-0.012826864,-2.3782842,0.04031284,-2.122297,-0.50285834,-1.8002534,-0.11902574,1.1676148,0.043186616,0.18755178,1.4287014,1.4462266,-0.4344487,1
-12.605084,-2.8381844,10.871178,-2.9311292,2.3555386,4.8370824,-6.088162,-6.1282535,-1.1858307,-2.5226157,-5.354412,-6.834145,0.7191112,0.78153545,0.75731367,0.016895302,3.7853708,0.882774,-0.3909404,1.9941481,-2.561607,0.85929644,-2.5281527,0.3138131,0.9102194,5.131384,1.7336483,0.8732859,0.7606999,2.004986,-1.199535,-0.94672275,-3.2310822,1.761754,-0.16003798,0.5602644,0.8107554,-1.4017054,-0.30806068,-0.84090257,4.353013,1.5678512,-0.55351156,-0.42723045,2.247139,-3.0544434,0.58763564,2.3283424,0.089944094,1.902718,0.5617846,4.272535,1.0325584,2.2664702,2.8572707,2.5707295,-0.7703921,-0.41540384,0.919165,-0.0742036,-1.985179,-1.4942625,-1.749343,2.4376612,0.4991075,0.9248705,0.38512585,-1.849191,2.060446,3.0802019,-0.4032282,0.2734038,-0.8422259,0.46685195,0.3416108,-2.742065,0.9653067,-1.522308,-0.24164945,0.26711172,-2.0623264,-0.12089729,2.0154066,-0.56560457,0.29877567,-2.6200938,-2.0339134,-0.7126067,0.047021694,0.6192111,0.6117381,-0.82514036,3.4739687,0.761481,2.8140476,0.27991012,-1.6342951,1.3889239,0.4420764,0.12701558,1
-10.876193,-6.8246217,-7.993092,-1.0103459,-6.1127267,0.43443826,-5.1457133,4.8666635,2.9186764,-0.8189462,1.8962348,1.5034375,-5.707913,0.36846593,1.2851105,-3.4176178,2.1567366,-1.5163492,1.8842112,-3.1344912,1.4358791,-2.0354407,3.9708898,2.3135924,-8.636437,2.4465837,-0.7993554,1.1420583,1.2398493,-2.4291344,3.944696,-3.1422944,-1.8935182,1.6369845,-0.5117404,4.320311,1.8877087,2.3137476,-0.10265633,0.46791688,-3.8062372,-0.6751515,-2.2460475,-0.25492477,1.263979,0.8002695,3.5569823,1.1564391,-0.476748,-0.28844693,0.56247157,-0.53707254,-0.7542323,0.7511461,0.3153577,2.1261213,-1.4788316,0.022535147,1.0391892,1.0770786,-0.11733984,-1.8814213,0.17680936,1.2515466,0.59107214,-0.35594654,3.190346,-1.8843391,0.005189058,0.6469601,-1.7326685,-0.04484935,0.3298036,1.2473108,0.24029744,-1.173459,1.6041286,0.55347335,1.4946731,-0.12607314,-0.2953903,0.49241614,1.8300672,-2.1047716,-0.26114112,0.55427533,-0.0317938,-0.43825814,-1.8352908,0.92621005,0.95580465,-0.3718139,0.7641593,0.59373844,0.2824734,-1.9884659,-0.25604072,-1.9001493,-0.3457823,2.2020168,1
-0.36541012,-0.77854425,0.68402326,0.3428339,3.517244,-4.789649,2.6287777,-4.0569034,-2.381856,0.15348332,7.5856323,2.9146025,2.5836325,-3.8032813,3.0668483,-3.00711,0.2906801,0.41797525,4.4056835,-0.8249162,1.1430794,-0.5521941,-2.2720137,1.4782622,0.6236084,1.1145334,-2.071085,1.3406445,-1.8821092,-1.6659553,2.5569928,-0.62490344,-2.1522524,2.7180543,1.6250681,-1.0464308,0.5056315,-1.5903747,1.6885908,-1.682354,-1.4645423,-0.28111738,-0.87978125,-3.2760904,-0.61310786,0.39728883,-2.6893463,-0.23893255,0.007190623,-3.4657288,-1.4661958,1.6270381,-2.076268,1.4422854,-0.9522003,0.29599988,1.0954893,-1.8824925,0.7378775,-3.292294,-0.23043504,0.5062173,0.073703505,0.22985764,1.7010857,-0.27381513,-2.7711058,1.3862653,0.6767921,-3.974194,2.3331132,2.0218062,0.012830725,-1.472294,-0.077675365,-1.9583386,0.4356446,0.6945705,1.434159,0.17361641,-0.80053073,1.1712642,1.2395594,1.6272453,1.2045987,-0.058696076,0.30757022,-0.10065572,-2.0501602,0.5301211,-1.7161044,1.5927173,-0.983391,-1.0913911,-0.053404815,0.8340494,-0.77416605,-0.40880752,-0.70452017,0.87981856,1
-13.255534,-2.855008,-3.6938796,10.215346,-8.574629,1.64325,-5.313158,-0.23828723,-0.959079,-3.288915,2.1364825,-1.6396708,-7.823514,-4.773122,-1.5755309,-1.7944771,-0.04726076,-2.7426302,2.9228656,0.8394929,5.7100534,-2.2810736,-0.67908335,4.2157884,-2.7041643,-2.2350886,-3.6177065,-0.02526353,-1.3085012,2.4845548,7.243239,1.8230091,-0.47671884,2.3251963,-1.7682292,1.9602605,0.38526568,3.1877613,-2.6256387,3.7019048,0.14984497,1.3320622,-1.3570898,-0.4879582,-0.49785283,-0.13339792,-0.27149317,1.478777,1.5290226,3.0297375,-2.4338818,-0.7671881,-0.22824308,-0.15048063,-2.603562,-0.39872202,1.1236567,-4.4447765,0.32271096,1.1548909,0.13050792,1.0359919,-0.36471617,-2.5202634,-1.3306057,-2.057273,-1.3213029,0.86886877,1.5694295,2.8777902,0.56831247,-0.198358,-0.38841113,-0.957458,-1.9888976,0.5858604,-2.1350543,0.46227404,1.615922,0.10553649,1.8554518,0.57954144,1.4405723,1.5453383,1.1466396,0.40383005,1.5954216,2.0730407,0.2624274,-0.38235295,-0.46837482,-0.6521608,-0.11879389,0.1127678,1.6721689,-0.51998353,0.9855613,0.2667418,1.0466251,-0.28005528,1
-6.775624,-3.8529623,-5.311825,2.3665636,-5.860156,1.222832,-5.3374505,3.196216,4.4578013,1.6424323,8.431612,-0.63057494,-3.3218014,-1.9000062,0.644227,-1.4464896,0.96041274,-4.7343717,-0.02710554,-1.878879,6.7055173,-2.050932,5.175647,0.14426932,-4.28211,0.7157097,-3.2443695,-1.0491718,0.8119947,0.19034754,0.79581267,-0.17225474,-4.3157597,0.2023234,-2.3602486,-0.34736264,0.78581434,0.95752144,-3.7140517,0.0806462,-2.493702,1.8204647,-0.2104421,3.3761237,0.31176025,1.1091493,1.5485835,0.19169061,1.0512948,-0.2500127,-0.022978973,-0.17401537,-0.3718761,-3.8008597,-1.7840211,-0.8676893,2.4075534,-1.1834998,0.9897702,0.92084754,1.5101283,-1.3007616,-0.042803004,1.2933776,1.8000162,0.09789925,-0.9693949,0.20832299,0.012528142,-0.23778285,-0.84252644,-0.75981665,-0.26978987,0.060063254,0.34858906,1.8654395,-0.39353463,-0.42688265,-1.0529401,-1.8717651,-0.20465483,0.48401245,-0.04476907,-1.9609073,-1.5402075,-0.7291954,-0.3593531,-0.52810025,-1.7565724,-1.6097028,0.32805684,-0.3114859,-0.6173449,-0.38584086,1.3092881,-1.3199118,1.645001,-0.9362755,0.6492258,0.35894704,1
-5.8756785,-8.110518,-1.7999967,3.89345,-0.06461724,-1.0960767,7.053933,-0.65859455,-1.72811,-4.3036304,-7.01237,1.6082107,4.2781973,-2.0907595,-4.1293287,-1.1176035,-1.0412165,-1.5476116,1.536143,-2.269592,-0.24562956,-0.97568184,-3.616802,2.3209636,-1.8482869,-0.77264637,-1.2882255,-0.25156227,0.22319458,-0.53561234,-1.681283,-1.8183722,-0.056280296,-1.0037094,1.3993951,2.1667087,1.0087142,0.57249916,0.574032,-1.8022188,2.060502,0.19376718,-2.0719247,-0.5071678,-0.82169867,0.58455914,0.15714511,-2.200185,-0.7167412,-0.28814816,1.0865139,-1.5922079,-0.77456653,-3.729675,0.21529265,0.26524553,4.1690965,-1.6856006,1.7456706,0.108401805,2.1026273,1.6724657,-0.53666335,-1.509203,0.75257254,-1.6172688,-1.5787814,1.9827627,-0.19589709,-1.1136795,0.12824325,-0.23235899,-1.7731674,1.1764897,0.22921893,-1.2452055,0.44263268,-2.3076017,-1.8335575,1.1976584,0.7317254,-0.64575726,2.4023862,0.3609513,-0.9709841,0.45576638,0.09440419,0.18795642,-0.26146182,0.26022258,-1.4143455,-0.2723673,0.101915315,-0.26936913,0.3388931,0.24182056,-0.3446527,-1.1513195,-0.43473423,-1.1252384,1
-1.3259676,-2.2507262,-3.6319394,5.6349583,0.97648084,-5.106773,-1.0040206,0.39580032,5.794578,-2.8602371,0.3332956,0.70397663,4.6932545,-1.6593816,-5.283438,3.0554876,5.7136426,-1.1235949,-3.520008,-0.99420637,3.2181761,0.85675585,-3.4401958,-2.2418606,-2.8321836,0.9529216,-0.33183137,0.35296324,-2.8990867,-0.54279095,-1.622002,0.9229858,-1.1811023,-2.8444517,2.5317438,2.696454,-0.7500591,0.510916,1.5028492,3.2030778,-0.22547948,3.5967333,0.258097,-3.859538,3.9079483,0.8038976,-3.0451534,-1.4467906,-2.381084,0.85734576,0.20417333,-1.3140548,0.14240208,-1.8839654,-0.738663,0.7937264,-0.8411708,1.5686628,-0.52992487,-1.3419195,1.3462701,-2.4968436,0.5357476,2.0650628,2.5360081,-0.057293404,-0.66681087,1.6810609,-0.28548163,-1.21245,-1.4596317,-0.042346857,-3.0773573,0.86417717,-0.36297125,1.8827126,-0.29104748,-1.4294565,0.12466125,0.0340554,-0.10377427,-0.3122741,-0.23049152,-0.5056358,0.7844215,2.7231207,-1.2850707,0.29744476,-1.5815934,0.06536551,-0.38170367,1.0418781,-0.37807935,-0.0660148,-1.0852216,0.043670744,1.0679675,-0.9814824,-1.9680879,1.128963,1
-7.9727674,-3.4904394,-5.520959,-2.0888228,-1.8224486,-1.1469761,-0.48384434,-0.9350721,-0.29479054,-0.557242,-0.23942415,0.21845613,-1.8792003,-1.2513182,7.1630425,3.3641262,3.0041955,2.2825584,-5.5970335,-0.79590386,-2.166208,0.64530337,-1.0033381,-0.117364116,-3.113475,2.1836498,1.9518504,-1.0088862,-1.9305567,0.1242552,-0.30875117,2.8717976,-1.0638906,0.29637071,2.2851517,-2.4157095,-1.354462,2.8959994,-0.6341454,-1.9802613,-0.21943031,0.2115926,1.2051477,1.35773,-0.7011938,0.2245869,-2.5275419,0.49820966,2.084999,-0.61703295,-1.4525064,-0.25701645,2.0082815,0.42526817,-3.28548,-0.6582307,-3.6938467,-0.841564,-3.4047613,-0.4914693,-1.4981043,2.603158,-1.4070593,3.4132497,-2.059252,0.89107555,1.4722462,-0.8931789,1.0336572,-1.9457904,-0.5823666,-0.5524885,-0.27714387,0.8244056,-1.2777057,1.5451121,2.2604945,-1.0961535,0.79458416,0.52050227,-0.13440658,1.4681003,0.7956719,1.1726104,-0.59528744,-0.8776324,-1.9471925,-0.7815608,0.2837958,0.6842901,-0.22400804,0.16713369,0.73738027,-0.8743156,0.8222606,1.3843815,1.3259995,-1.8880937,-0.36992252,-1.4418768,1
-7.9624205,1.2223346,0.41650915,-7.858779,-1.6627716,-9.802666,5.776751,6.8032303,-1.2004642,-0.25944826,-0.95730174,-3.7218034,1.3238893,-1.8279477,-0.5703749,1.7454083,0.16873987,3.4113104,1.8561153,2.970462,5.3854656,-5.096361,-2.4060643,4.3643746,2.170216,0.40407372,-3.3711836,-5.011404,-0.60829633,2.589609,0.3955563,-0.13089423,-0.11966398,0.53220546,1.113209,0.33130747,-3.143485,2.962352,2.2560499,0.17859152,2.2893686,-1.5201168,0.050558243,-0.97533154,-3.875747,-1.7084844,0.3388911,-0.99944663,-1.7697104,0.85697293,-0.6996827,-0.63067913,3.4067063,1.3744913,-0.67785114,-1.5787784,-0.9783152,-2.121737,0.8856674,0.43825236,-0.20144616,-0.19850063,0.78350466,-0.29659662,0.6442039,1.7609404,-3.659466,-0.7783195,-1.8956683,2.678268,-0.56917334,0.869059,-1.6086602,-0.897093,-0.8216892,0.8027456,-0.36177918,0.6706003,-0.92167634,0.28021285,-1.022793,-2.606058,2.0435753,1.8315889,-1.1475623,0.85319537,-0.71522164,-0.70186603,-0.7449315,-0.24115357,0.033895496,-0.6768781,1.5680515,0.846459,0.33835232,1.897274,0.5911574,-0.6257109,-0.32815626,1.0654495,1
-11.486284,-9.208807,-10.784915,4.6539073,1.7534848,-1.754789,-1.1243864,0.49202698,2.8364599,-3.9437797,-1.8614029,1.0675166,-2.7646208,0.8862729,2.5921323,0.39258444,-0.9379542,-2.9478498,-2.3907912,-4.508328,0.58354545,-3.1031237,8.620168,0.011148824,-0.381194,0.03131864,1.7909541,-1.0653394,0.7554958,1.2034335,-0.6484048,-2.1579533,-2.2670012,2.529293,-1.6196724,-2.0634825,-0.58818686,2.3176732,-1.1925049,-2.6231182,1.3988179,0.044692136,-1.7980671,5.566361,-1.3413326,0.6911769,-0.3346396,-0.66122115,-0.498018,-0.8375305,0.8000866,-1.7538192,0.8790763,3.7297623,-2.1606445,3.4165864,-1.9209098,0.7159152,-0.3218949,-0.09337869,-1.7056191,0.8220986,0.36568093,2.1660433,-1.5982466,-1.6919308,1.299355,-0.6218149,0.47027346,-0.2101654,0.21295783,1.1380674,-0.25569004,-0.07590108,2.178919,1.2102834,0.00399161,-0.11101886,-0.22195007,1.0447061,-0.34240046,1.6560591,-1.1538785,-0.7348112,-1.0620388,1.7052726,0.752611,1.1170447,-0.05453471,0.7481279,-1.565286,0.1567605,-0.280886,-0.6986683,0.98384196,-0.44484833,0.38228273,-0.72473484,0.13303083,-0.30742934,1
-12.360285,-7.0141673,-2.9377968,4.275944,0.41050392,0.91038835,5.842641,-1.0570685,0.198533,-8.725414,-3.791514,-3.5126536,5.3108644,-0.9503776,-0.01758904,1.0990349,-1.8072149,5.213328,-0.8143023,-6.7108736,-0.92287177,1.7839206,0.6224529,0.22064464,1.9919477,-2.3716412,2.3615773,0.21852787,-0.3134057,-1.562429,-2.783101,-1.9627397,-3.7580945,0.9975085,3.2874396,-1.2210573,0.8984297,2.432299,0.051634986,-0.42977914,-1.5151424,0.47710893,1.227345,1.8241856,1.3429892,1.6237279,2.475682,-2.272395,-0.67390126,1.9818172,1.854869,0.22130613,-0.6451834,0.9632924,-1.1362066,0.80867314,0.02411114,1.3727027,0.30388784,-0.9047161,-1.2949989,-1.3760113,-0.09198648,-1.4311225,-0.033485275,0.54703075,1.1263397,0.36699918,-3.1765354,1.0047635,-1.0178041,-0.19212168,-1.004293,-1.9711598,0.54051214,-0.7139822,-0.725397,-0.80980724,0.11638482,0.80519235,-0.17820336,0.33849865,-0.4692738,1.267591,0.10785998,-1.0683485,1.5818262,-0.13583891,-0.59007674,-0.73441017,-0.56580144,-0.49800372,0.85070944,-0.38841787,0.77132744,0.72275037,-2.4604585,-0.5762942,1.6541933,-0.7704071,1
-8.744811,7.202079,-4.716547,2.0521686,3.0740986,1.2412812,-5.913154,-2.8643663,1.7231141,-2.688371,-0.93027353,-4.7270546,9.360632,-2.5148315,5.83851,2.2949674,1.8342795,-2.1963189,0.17340836,0.6635829,-2.2994518,0.69475484,-5.1171675,-0.34511662,-2.5388737,-0.9920321,0.9990115,-1.6719874,1.9893404,4.468436,3.1072347,4.9859247,2.7890668,0.83168703,0.56826967,-0.74934894,2.120007,1.1605816,4.216675,-0.8174921,2.6155744,2.276917,1.8095672,-0.71817845,-3.1037898,0.12632325,-0.0009826488,-0.929438,-3.0216615,-1.6189275,-1.7636178,0.9943982,-0.8098395,1.3001645,-0.48519263,-0.18762505,-3.3659897,1.7091755,-1.8307161,0.8386462,-1.8979719,-0.9048583,-2.2393417,0.86674255,-1.6671883,0.33589864,-0.86265486,1.133061,1.2221477,-1.333696,2.3414695,-1.153694,-0.52740496,2.0148394,0.3391052,-2.1222546,-0.58033407,0.35474086,-0.90249467,-1.5953447,-0.9778919,1.6387404,-0.45664868,-0.027348379,3.823961,-2.172791,-0.30624202,-1.5476044,-0.013127515,-0.8664885,2.6258714,-1.1609312,-0.8947914,-1.3244007,1.9393686,-1.415367,1.1749412,-0.67833596,-0.14931002,-1.6406605,1
-9.543381,-0.5303575,-4.620757,-1.4863602,-8.438413,-3.3857245,12.3026,-1.0669656,0.010243311,-4.698507,-1.8491635,-0.30271718,1.1190602,-3.901127,-1.5123477,-2.620297,0.37068233,3.90787,2.1785414,0.51686984,-1.5968899,0.010931035,-1.4654247,1.5011845,1.2121223,-3.1208086,-1.5443016,-2.787449,3.9848711,1.5351077,-0.22549525,-1.5644412,0.84777874,1.9482077,-1.0026563,1.8938969,0.28729567,1.6224785,1.4198039,1.6991397,-0.85360557,-0.88516587,-0.8117982,-0.61570406,0.5924643,1.0735633,-0.3216863,1.8768604,1.4027288,1.0299981,0.7258581,-0.42881623,0.40708944,-2.2418642,-1.3080747,-0.5477289,1.7625886,0.7070867,-1.3148617,-0.22319761,-0.8239022,0.89781326,-1.6470981,-0.26459056,2.116325,-0.26115417,1.1323438,1.322189,-2.522295,0.3591084,-0.8538388,0.22619122,0.92235523,0.15151091,0.9991221,0.53773993,1.4588721,-0.737167,-0.05839331,-0.2040314,0.95202917,0.86078286,-0.6862595,-0.44393268,0.2510841,0.8159691,-1.6216142,-0.5576225,2.3416655,-0.58150965,1.0404992,0.39418027,1.7321317,1.1657379,0.055369925,-0.6795065,0.045011465,0.9481835,0.8010344,-0.7268201,1
-8.971656,-1.0803994,-5.864448,-7.1015615,3.7252944,-0.55439097,-9.019514,4.9388814,3.5523322,8.593449,1.08814,-0.17746611,0.39274326,5.22932,1.0680679,-1.0904894,-0.8398985,-0.31296656,0.37595883,-4.294866,-1.0342711,0.49292186,-2.1933842,-0.13621557,-2.9726846,-1.8575106,2.4119549,2.027466,0.771878,-2.2997646,-2.143607,-0.8379343,-0.18859509,-0.028652236,4.11083,3.0621119,0.061055843,0.67970663,0.47926825,0.048622582,3.9347668,-0.58393085,-0.9112108,-0.617201,-0.8219769,-2.9486797,1.5181307,0.295789,0.26987714,-1.5395697,1.6745882,0.30500636,-1.1808647,-2.5925267,1.4063591,-0.9296711,1.2254227,-2.6586905,-0.3312605,1.25017,1.9978861,0.59651804,-1.2384199,0.64979887,-0.94148314,0.29375473,-0.060925417,0.3952662,0.8857309,0.5045366,0.5694832,0.83513385,-1.7261289,0.035712667,-0.81124634,-0.28409755,2.0164602,0.5876425,0.7213807,0.70319575,1.4451804,-1.5540713,0.20859067,-1.5810541,-0.78921014,-0.13202693,0.47667944,0.62542826,2.2882314,0.8235945,0.02640464,-0.82237077,1.4368569,0.14978544,-0.5823237,2.3288538,0.049924854,-0.69120866,-2.3050773,-0.18694606,1
-8.063441,-7.0559516,-7.1040225,1.3350817,-5.072558,-0.27956986,1.5989527,-0.015558481,4.067176,-3.954662,6.0372853,-1.641454,-1.8903339,-0.5080095,-2.154847,-0.6392759,-0.17299221,-1.5406303,-0.9071419,-0.82887936,-1.0449237,-1.5511047,2.1667309,1.7180816,-8.46447,1.6234171,-1.0219771,-0.60662013,-1.2608911,0.13070881,3.2729383,0.5577268,-1.1272843,0.35581386,-2.352307,1.2209893,2.5066946,1.5616194,0.06797152,-0.39631823,-1.3121403,-1.2122289,0.1684423,1.9989353,-0.85635227,2.1694088,0.6866744,-0.36066994,0.6336305,3.188439,1.2652173,-0.9467374,2.402457,-0.49874973,-0.6856725,0.79223627,1.0006922,1.2823693,0.6326631,1.72028,-0.2851844,-1.1682003,-1.1305789,0.36312968,-1.421332,-0.06407595,0.4788301,-1.5972832,-1.2269905,1.448848,-0.87686795,0.9691395,0.41285956,-0.49561077,1.4922526,-0.5293674,0.4264569,0.8738584,-1.9196703,0.03295542,-0.73390806,-0.45775682,0.3180716,-0.60526747,0.2229964,0.5043852,0.5013949,-1.2958744,0.023473,-0.23389243,0.85931695,-0.544666,0.16034977,0.16921526,-0.1673076,-2.1023386,-0.19900368,0.08855842,-1.8214129,-0.50066197,1
-10.609904,9.345227,-2.472768,-9.401423,0.5187331,2.3857083,2.700988,2.5678022,0.41871595,0.36556405,1.9158599,-1.0656143,7.4312377,-0.8152585,3.7615159,3.471122,-1.4730568,0.8835595,0.85741556,1.2582146,0.044186138,5.852671,2.571688,0.9388582,-0.043720067,-0.6618587,2.9919097,-0.26263347,-3.9362488,0.19524188,2.0644774,2.244508,2.2308986,-1.0307021,0.5821714,1.0449643,1.7353396,-0.24568848,0.8776457,-2.0418842,-0.02379417,-0.4303283,-3.637043,-3.9376884,-0.4777014,-0.09506819,-4.2233315,-0.49079028,-0.07119113,0.0256313,2.6709816,-0.97027797,-0.0064014997,3.051492,-1.0381335,1.5427828,-2.8133593,-3.729331,-0.48742685,3.0780435,1.8133745,-0.4601045,1.1054223,2.510082,-0.23040248,3.4098482,-3.3650181,1.5523472,0.09358856,-1.5111669,-1.4848673,1.4465952,1.2248478,-0.33383814,-0.72231096,-0.22756182,-4.1431913,-1.4204401,-1.3074933,1.1752589,-1.890987,-0.88053566,-0.46359518,1.4814314,-0.5113983,-1.7162755,3.382565,1.1351678,0.8889618,2.1962256,-0.15670174,-1.3869766,-0.49758315,-0.56113726,1.701833,0.24616091,0.73497623,3.904717,-1.1988658,-0.46337926,1
-2.9733195,-1.7108809,-8.843498,4.7641664,6.5239563,-3.2567778,-3.5510755,0.9698832,1.2001339,7.281669,-7.3219295,1.3805054,3.8713055,3.659499,2.8759856,-1.422333,-0.9169839,-1.1916524,-1.0903242,1.8174998,-0.07355172,0.2948508,-0.43276685,-3.1580112,-1.0851799,-0.8972652,-3.3524082,4.080229,0.52691287,-0.084469095,-4.3327837,0.043987963,-1.6233492,-0.37494022,-0.6904526,-0.74364144,-0.19068557,1.0014648,4.283578,-2.013847,0.3983108,-0.16354623,-2.2540483,0.667929,1.7026293,-2.040675,0.17278636,-0.1846883,0.15623714,-1.3520455,-0.8022501,1.4144324,-1.2805347,-1.71563,-0.43452945,0.96486086,-0.12314697,-0.18895152,1.3204579,2.1985207,-2.6251936,0.6041578,0.60131174,-0.8262742,-0.8626704,-0.018749187,-0.6651353,-0.8068261,-0.20096625,2.5631912,0.033605084,-1.0278742,-2.0784805,-1.6266463,0.6518469,0.48749232,-2.635963,-0.70985115,0.94723743,0.17090935,-1.2578094,2.3948076,-0.043107174,1.797877,2.5372584,-0.14605793,1.2190418,-0.28862008,-2.5793102,0.031115161,-3.2979724,-0.37862492,-0.8726797,1.5199625,-1.0879977,0.4014534,1.9928045,0.7641633,-0.4789183,-0.9801944,1
-11.51988,-1.2287854,-0.28184345,-2.410825,-5.625047,7.472809,1.4945894,-8.138972,-8.1847315,-0.95111424,-1.6429067,-10.388875,-1.7587643,-2.4484754,-8.33706,-3.5386202,0.83239275,4.791252,1.0897375,2.6075277,-5.2000756,-2.9674761,1.0938975,5.3442783,3.5991652,0.6308193,2.1990871,-0.44377244,0.73037946,0.90106446,-0.43648332,-1.5580221,1.1716176,-1.9161938,3.6383312,-1.9297069,0.36325935,1.9767337,2.6797886,-0.97583914,-1.9963707,0.9308662,2.8133,-1.530387,2.2382078,-1.3582212,2.6044316,-0.28493166,0.42794245,-1.9681993,-0.7995801,-0.3266103,-1.5842346,1.8314698,2.7454941,1.202359,-3.9866405,-1.3476219,0.4100267,3.425671,-2.2763004,0.2539541,0.9532648,0.836945,-0.6266374,-1.9788041,-1.7297761,-1.1181259,2.1450949,0.6999345,0.78670156,2.5186527,-1.2910863,-0.8134765,-2.5065212,-3.1965594,-2.1542492,-2.5268395,-0.5531873,3.2269065,0.92536336,-0.07231674,2.5831978,2.0877898,1.4787698,-1.4968847,-1.5748166,1.5500388,-3.8695471,1.3412446,3.000747,1.4248134,0.39992273,0.8365814,1.3720999,-0.342486,-1.346623,0.7894436,2.3226135,-1.061971,1
-5.792244,-6.2603617,-3.4501176,-2.7581928,0.53257096,3.0704997,0.51383597,-6.284959,-3.641635,4.4847364,2.5701184,0.6568433,-0.712154,-0.13717186,1.0979918,2.6933634,-2.3492336,-0.12363598,-0.74817556,2.83603,-0.08474538,0.4634743,-0.6692315,-0.7749251,-1.0111591,1.3834642,-2.768577,-0.33946604,-0.4082081,0.5471969,2.7192092,1.826248,-0.08855563,-0.83662605,0.60156983,0.19740117,1.2403816,-1.0868368,-0.76138467,-1.6607605,1.6404868,-1.0756434,-0.8612739,-1.582945,0.6580333,2.551774,0.022802256,0.07870632,1.2505879,1.8350958,0.47844228,-0.5403892,1.6535671,-0.16001019,-0.50657135,0.7758276,-0.8623204,-0.60367566,-1.6310844,0.3539315,-0.10817634,-0.10657721,0.2725255,-0.55604595,-0.4102334,1.1799802,0.80623984,0.87317514,-1.0132277,0.16667388,0.46444473,-0.03859657,1.132604,-0.7321086,-0.08931044,1.8199867,0.96102,-2.169291,0.2980759,-0.04499816,-0.2656752,-0.18584715,-1.2112939,-0.1026454,0.009357361,0.43650034,-0.51542383,1.3655205,0.8453726,0.11436891,0.86796683,-0.4434728,-0.48745337,1.0771686,1.2753812,1.4193406,0.7774439,-0.25777334,1.2889968,0.016242212,1
-4.6260867,-7.481109,-5.152902,4.1775384,10.159341,-2.2550483,-6.092446,3.2582536,-0.6425769,0.10839395,-3.6361496,1.1694168,3.2802026,2.4130795,-4.8786902,-1.2476308,0.7078928,-3.350887,2.1873236,-1.2235826,0.28040364,2.907131,-1.62045,-1.3506067,0.5304174,0.26302388,0.051747832,-1.2414001,0.37650263,0.96267676,-4.379656,-0.7458334,2.3607733,-1.097541,-1.4141052,-1.5556465,2.5488298,0.43014315,1.9929043,-0.9104676,1.0400283,-0.88220036,-0.44323656,0.82040495,1.8057249,-0.879641,-0.2460785,-0.5069661,-0.49287742,0.840963,1.4329376,-0.3236555,1.12213,-0.600936,1.119832,-0.9519923,-0.5243527,-2.0974233,-2.4642708,0.63550353,2.301243,1.8983089,-0.27566046,0.50212777,-0.66603875,-0.44652727,0.14707057,1.4960402,1.2371361,1.255632,-0.49411157,-0.10878229,-0.7091338,0.15025987,-0.4559037,-0.018227998,-1.2740542,0.3768821,-0.07743601,0.124491274,1.7465285,0.6994682,-1.0559528,-0.8808215,0.074569434,0.6140144,-0.5202197,-0.06067146,1.1164715,0.3421988,-0.288947,0.68707013,-0.27301738,-0.45598495,-0.050829224,0.5784503,-0.22517407,0.16514559,-0.692906,-0.22847843,1
-9.324558,3.1606045,12.923318,-3.6649778,0.09978004,-2.8567722,6.067958,-5.9382763,5.3399115,-4.0079856,-1.4900687,1.9724791,1.9336164,-1.9067214,-4.55414,-2.0958762,-2.6606798,-4.8547955,-2.8110414,2.317035,-2.91541,3.8914862,1.2070104,3.0607593,0.7830382,0.75034136,-0.28551313,2.978448,-1.6393186,2.436169,1.4014359,2.8658934,5.1121645,2.5600824,-2.22733,4.3733325,1.5497917,3.9628534,-1.4243727,3.4108016,-2.4020452,-1.1513451,0.13657539,2.129403,-0.99504554,0.48049453,-2.4938147,0.07620955,3.163221,1.8606236,-0.5305774,4.339136,-0.6728293,1.4842131,2.3172596,-3.1556218,3.6991699,0.86436,-1.7492137,-1.6215417,1.5657784,-5.824911,-0.43454787,-0.49105987,-2.1485696,-0.047718745,0.41543123,-1.0382917,2.9981909,-0.1329709,1.3640518,-1.6101928,-2.600782,0.23838125,1.0312823,-0.32574037,-0.6911248,0.9015463,0.7949104,-1.7568225,0.37991235,1.6101336,2.241808,-0.48827595,1.6677656,-0.8225932,0.45621532,0.14013195,0.20259923,-1.393604,-0.070336185,1.4375006,0.29311943,-0.08481118,-0.31039825,-1.0908133,1.1366429,2.3138251,0.279864,-1.6478428,1
-10.042346,-8.993922,-2.2426214,-3.0809138,1.2382555,2.6473255,2.5927174,0.76483184,-3.835923,1.6124067,0.506396,-1.3056884,-3.0852113,-2.7482252,-0.7543756,-4.03181,-0.5134806,-3.8953378,0.69907427,1.4780746,-2.2290456,-4.617105,5.702886,-2.2074726,-1.224359,-0.44776443,-1.8408815,-0.9151138,1.8629901,-2.3755722,-2.272947,0.70840317,-1.0906668,-1.5694084,-1.4512929,1.388479,-0.6323328,1.1563392,1.0073489,1.5001292,-0.81173885,-2.9361506,-1.2708774,0.050651193,1.5933326,-0.53046453,1.3724104,-1.7466403,-1.8729428,-0.41204724,0.43757075,1.7936033,1.2898403,-0.28750157,0.99746925,-0.57943624,-0.16132323,0.35257226,1.234748,-1.7068911,1.270124,-0.8152324,0.4772938,0.6812162,-0.39764667,-0.25246015,1.4327217,-1.381055,0.5138851,1.3652161,-1.0808731,-0.41986135,-0.9246087,0.06081904,0.13951369,1.0717878,-1.4972655,-0.6013021,-1.6153814,0.32279825,-0.7979434,-1.6012805,-0.77938145,0.46127355,0.25183964,-0.58529085,-1.5662769,-0.9071898,-0.4265557,-0.9213415,0.3438392,0.03893694,0.6450268,-0.085919626,-0.6970331,0.7973542,0.96937126,-1.466374,0.07817927,-0.6129072,1
-5.210374,-0.5275712,2.7480474,6.85026,2.8902729,0.4782628,-0.9961446,-7.934718,-5.1952543,-0.97817236,5.0541,-1.7230774,-0.7703053,1.0352535,5.1943297,0.9915223,0.9691927,-2.5617201,-0.18011726,0.8152799,1.1582102,-1.2607316,1.9032731,-1.4313779,-1.8819559,-0.828682,0.24079981,-0.331668,-0.7639133,2.6921368,0.4635547,0.4287857,0.6622044,2.9027462,-1.5085198,-1.7198684,-2.1753867,-0.9667674,-1.7228799,-0.34242076,-0.3600149,0.9658158,0.5021933,1.9630095,-1.1264855,0.38576105,0.20025176,0.8875033,1.4602852,0.19230698,0.04722111,-0.16946727,1.187593,-1.988943,-0.86553144,0.58230954,1.1832912,-3.4805737,-1.7745252,0.46792725,0.9086155,-0.17039967,2.0683877,0.3251538,0.41178185,-1.1524781,-2.6854925,0.20341513,0.68617064,-1.2159618,-0.19757842,0.51580423,0.7078243,-0.3609611,-0.3659195,2.9009395,-0.18270795,0.57315683,-1.0798111,-2.1168594,0.0136218155,-0.21536905,1.6949056,-0.55030566,-0.038058747,-1.4610405,-0.8570805,0.33441544,-0.19597504,-0.46478376,-0.26742473,2.0810266,-1.4642241,2.017114,-0.165849,-0.40567878,0.36097035,0.21281745,0.42914057,0.56864077,1
-5.96471,-3.41608,0.08249474,9.058865,3.1052978,0.53549117,-6.5173545,0.6515703,-0.38815668,1.9322052,11.310959,-1.8668662,-0.08931251,2.5905693,1.4692017,1.1380458,-2.3766727,3.311097,-1.9438401,0.60237944,-1.1909493,-1.4812796,-3.7854,3.808324,-1.003595,-1.4948595,-1.4737778,-2.805881,1.1063346,2.1828253,-1.5065718,-0.18719867,2.8533945,1.0711582,-0.0067772283,-0.2837412,0.98912084,-1.1046376,3.6461499,-1.0134716,0.45212972,-0.20561217,1.8568091,-0.6555122,-0.9287606,0.77723825,2.4420054,-1.2446078,-0.5867834,-3.1154318,2.8471103,0.108490534,-2.1369452,2.4523602,-2.745763,2.271195,-0.20110424,0.7728667,0.71448016,-2.3517919,-1.879466,0.21191883,0.9097102,1.737323,1.2423079,-1.5483851,1.4521177,-1.4611648,-0.41745788,-0.55661654,1.2768911,0.97245383,0.7314512,1.0542277,0.7719505,1.6612779,-0.46738154,-0.67818743,0.82434696,-1.3991048,-1.4986742,0.692476,-0.5593432,-0.4368484,-1.6960841,-1.1289622,-0.42552274,0.663075,0.10032271,-4.1277122,0.48828936,-0.58471525,-0.46783298,0.8186415,-1.8175936,-0.8711645,0.68112636,-0.9270063,1.3868432,-2.2447324,1
9.205266,6.519186,-1.1592381,0.86680084,3.0864005,3.5356367,-3.346578,-0.77394485,1.9858196,-8.332931,7.1901894,-1.6715293,0.48928136,2.8490021,0.8272077,-2.3792605,-0.7644199,-0.6546021,-0.89058423,2.0164402,4.0116696,0.6473571,-2.1049452,0.040143076,-0.6276201,-2.9422877,-1.7934912,-5.001513,1.1068968,0.4617386,-1.977862,-2.292402,0.6203432,1.572649,0.563857,1.2568128,-0.34995046,-1.6336433,-1.1875672,-0.25613672,-0.05885147,0.09659987,1.8145783,0.66694623,1.425555,-2.1713443,1.6489401,-0.91677326,2.2608593,0.60902524,0.31650028,1.0087259,-3.5078394,-0.1570157,-3.4513452,0.82883805,1.4342669,1.5794554,-0.27096885,0.2392321,2.1772149,-0.22106427,-1.2525758,0.9009421,0.22116147,0.88778234,-1.9208143,-0.032389935,0.42961764,0.35942012,-1.9856362,1.087783,-0.063023984,0.37611753,-0.08451959,1.5081073,-0.07001655,-1.4030925,-1.088238,-0.05817562,1.0258458,-0.6205293,0.032010708,-1.6335346,-2.881887,-0.75945085,0.8234771,1.9927046,-0.8625713,-0.17663275,1.6205283,0.4245632,-1.3343205,0.53253335,0.2734202,-0.6429158,0.6524478,-0.1756358,0.63366383,-0.26284352,0
14.350753,-2.427873,2.6666043,-6.3759317,-5.2451053,0.027898964,-4.3211584,-1.9187847,3.8628376,-7.314849,2.41771,0.41008613,1.6727422,3.6695337,-3.6385958,1.9912269,-1.3655827,4.3103805,-1.667691,-1.838723,5.7345915,-0.7538203,-1.5525756,-0.9804683,0.10010201,-2.3591156,-0.86905146,1.2651275,2.4947612,-3.5809097,-4.0343604,-1.2689183,-1.9866076,1.7466428,1.2036926,-0.6800312,-1.0882827,0.8506146,1.1530751,2.4288306,-0.2269667,0.30689037,-0.61249024,0.28941956,0.7838446,-0.27596965,0.74379826,-0.8271923,-2.682135,1.8026575,-2.076118,-0.33527613,-0.12255798,-0.9355056,-0.6378811,1.8781952,1.9759636,-0.8727759,0.7892339,1.7658399,1.3236022,0.07337357,-1.9031597,0.40686345,-2.4091744,-0.93668735,3.0414474,0.9335619,-0.5054185,0.020265859,-1.5321463,0.795376,-0.45768973,-0.6914937,-0.80027324,-0.38645306,1.4988005,-1.3373551,-0.967261,0.037195545,-0.40625453,-0.32818788,1.3393809,1.9468099,3.0707934,-0.8126758,-1.934133,-0.934971,0.08021543,1.7538508,-0.9690425,-1.1258024,-0.49221528,-0.8166878,-1.3192524,-0.6255475,-0.25024715,0.2951295,-0.11602222,0.8053891,0
10.924111,-1.3174502,2.724188,-2.661047,2.2508194,5.9872837,1.4602679,2.9122324,-2.8245192,0.4495126,2.3817441,-1.3159039,2.9723353,1.4571366,-0.4404197,1.6502702,-3.235275,-3.1998172,-1.6354425,-0.9457051,-0.7937267,1.9875296,-0.3250348,0.14072166,-1.1324977,-0.7116923,2.0874147,-0.9423741,0.23561476,-0.33804107,3.4310985,0.19086815,-1.0676296,-0.42807886,1.0304809,0.5969263,-0.6342168,0.9315408,0.41234395,1.1750262,-0.5697373,-1.0251621,0.35739434,1.5752162,-0.52588725,1.7376103,1.4420993,1.9256309,0.9201147,-2.1700337,-3.2932084,0.4405967,0.37367117,-0.040188313,-0.57099676,-0.86208326,-0.21595886,-1.1630208,-0.5462094,1.2126714,-0.9295824,1.6703475,-0.997102,-0.04767837,-0.5077571,0.7161241,0.032906856,0.90922695,-0.32042244,0.012503586,1.4405524,-0.12939669,0.90501016,0.8081144,-0.469711,0.9909488,0.5431376,1.7132566,0.78390074,1.7031316,1.4276869,-0.068678685,-1.616928,0.41356957,0.06889562,-0.8003143,-0.63370657,-1.6397219,-1.1068032,1.0466884,0.07852522,2.059142,-0.37927946,-0.7573584,0.19659826,-1.0678209,1.507469,1.106003,-0.38936317,1.2363915,0
4.483448,3.006459,-2.482639,-4.934728,1.5599228,0.4813704,-0.10953677,-2.9468274,-5.869144,0.5751121,-1.6761625,-5.9723053,-1.5630037,-3.659813,-2.622435,4.824057,3.2025852,-1.401066,-3.239528,0.3956514,-2.5827358,1.487303,-3.7800853,0.14540918,-2.9614432,-0.19212109,4.503206,-0.7646498,-2.247617,-4.20262,0.12554438,0.84552556,-2.7110653,-0.6139408,0.7692301,-2.699723,0.17845719,-2.1633852,-0.08074378,-1.6301835,2.8075316,1.8007627,2.2075133,0.09165008,0.29030308,-0.21343258,-0.14516863,-2.3351676,1.4867455,-0.44120875,0.11773812,2.9986122,3.465687,-0.78164995,-1.2479433,1.9537655,0.5246426,-2.8915162,1.144292,-0.28420958,-1.2612841,3.0016975,0.119591914,2.3469486,-5.0433187,1.5026942,1.0734755,-3.1429892,1.6599814,1.1232713,1.7294317,-0.57003057,0.5100029,-0.17780681,-1.2880749,1.7156373,0.054549493,0.6346189,3.366297,-1.4705071,-0.33385986,-1.0851401,-1.9292283,0.30651802,1.2594041,0.5870322,-0.089117154,-1.3150959,0.94877017,-1.5981547,-0.23163116,0.42512763,0.24157508,-3.3577292,0.51641077,1.1204432,0.7822881,0.6068451,-2.8660555,-0.4009961,0
0.85960245,-4.0600557,7.9181232,0.94753814,0.6016187,-1.6767097,-0.015433183,-3.6109102,1.5789679,-2.591687,0.2862583,-1.6793947,-2.9501445,-1.2681311,1.1048243,-3.5330508,0.7971437,-2.1399267,0.55756706,1.9013169,-0.20749728,-1.7573638,-2.0608976,-5.209399,-3.0682383,3.1529064,-0.06788035,2.4996533,-1.4691938,-2.0351896,-0.16446021,-0.1788444,-1.9933052,-1.9444884,0.44670755,-3.5817368,1.3585637,0.84939474,-1.2889911,-0.3394353,-0.540329,2.2462018,1.3262575,4.0690484,-2.8348985,-2.2722511,1.2503364,3.1839051,0.037741832,-0.6366703,1.1902808,-0.5008358,-1.8969742,-3.1361706,0.16767798,-3.4750211,-0.80543035,-0.09739385,-0.5719998,1.9818529,0.5126919,0.28603303,0.86177504,2.1238291,-0.59685516,0.63505495,-1.1223805,1.4934317,0.44532374,0.41013366,-1.6431719,-0.11048007,0.6056427,-2.3235202,-0.21648869,2.040709,0.45636103,2.3925385,-0.66331553,-2.377754,0.7941471,0.7073789,0.56048274,0.26941156,-0.1644468,-0.0043455395,-0.96333295,0.4870593,-1.102034,0.2567883,0.0031987259,1.3481085,-0.81987846,1.7542697,-0.1433984,-1.7433997,1.6554343,-0.27508295,0.44064724,0.4771901,0
13.001267,-6.8292966,2.24414,-6.3597965,0.03850484,2.2298207,-2.8039222,2.9963317,-2.4157526,-8.315525,2.024438,1.5407646,-2.5668173,-1.0623403,0.41722047,1.0597554,-3.3884568,3.4758422,-0.049312778,3.2967923,0.0994482,3.0837507,-0.49512836,-3.206039,-0.12583457,-0.3973353,2.6288898,3.1346197,-1.4341259,0.77084035,-3.0336726,0.8694506,0.6061732,1.1500564,2.0729456,0.8738274,1.2184036,3.4943638,2.1919377,3.3157399,0.78711396,0.64122,0.075149566,-0.4337692,-0.0051968545,-1.9797992,-2.5985157,-1.5335336,0.5375877,1.6442826,-1.3929266,0.1876019,1.907038,0.122365765,-1.7168903,0.19189699,0.79227346,-0.50633126,1.3818805,2.0735917,-1.939532,-1.2405494,-0.23041601,-1.065482,-1.9428368,-2.7179732,-0.7348889,-1.0943552,0.6749012,-0.64160645,-0.79827386,0.23228903,-1.0201998,1.4296136,-0.06523314,0.3768393,-0.5892132,0.10357205,-0.23083766,0.9257501,-0.4183832,0.64859235,-1.5424137,-2.491388,0.76205814,-2.4736617,0.16382024,-0.5667529,0.23397817,-0.34816048,-0.72337013,0.6152493,-1.5978315,-0.47232315,1.2068883,0.39922422,1.8488822,-0.7881106,-2.083084,0.29515857,0
10.423107,-1.8950456,-4.1736107,4.030799,-2.9414685,0.77022,2.6849637,0.33573663,-2.6472552,-0.77612007,-4.729219,2.6961071,-2.1536236,3.9458272,0.2836578,-0.991304,0.4874157,-0.07876793,0.50263304,-1.2125609,0.46201745,-0.27579322,1.5671842,1.6681846,-0.21685497,1.3651417,-2.4210048,-0.22443888,0.6523258,2.1712735,0.25224438,-0.75433934,1.8280139,0.32329616,0.0574618,-1.231846,-0.11705504,-1.3420063,0.47528094,-2.800957,0.5672972,0.7989345,-0.8762923,-0.21981451,1.2010888,0.49314588,-1.3422037,-2.4984217,3.543503,-0.6351954,0.015738709,2.549196,-1.0088977,0.7254313,1.368304,-0.06950085,0.018109376,0.2029132,-1.6644768,-0.5063115,-0.49895218,-1.5339091,0.5298904,0.1894544,0.24320388,-0.833966,0.1509363,0.93873477,1.042906,-0.6829489,-0.22452247,-1.7005299,0.051365834,-1.0743964,0.0134700965,-1.418966,0.7638778,0.7133813,-0.204236,0.70756304,0.4885986,-0.13938239,-0.17031321,-1.5629619,-2.5483572,1.7398058,1.5474317,0.7221005,-1.7243277,-1.8803586,1.6717795,0.0018502462,0.94695455,-0.030479087,0.09567918,-0.5744622,-1.6556104,0.23896283,1.7491457,-0.37467885,0
11.361117,-2.95519,-0.8354229,-3.9239666,-2.797345,4.2491145,-2.4289963,1.8185422,-2.1470659,-3.40578,-0.015726753,0.96725786,3.5544283,0.6174506,-1.1850868,2.0206673,-1.06085,-0.39685756,-0.0852262,-1.0537046,1.4648521,-2.3233209,1.2636914,-2.3240128,0.78939337,1.5363677,-1.351466,0.054508418,-2.1113312,1.8614557,-3.5555863,2.5129724,-1.2056556,-0.95716506,0.83566105,0.30530453,-0.6285796,-1.2531157,-1.0868393,0.3876227,-0.48965928,-1.4282724,1.3106896,-1.5070829,1.8356432,-1.1689996,-1.6396217,-1.225875,0.023996588,0.93915945,0.038319204,1.0981735,-1.0412539,1.6990788,-0.58862275,-1.4396182,0.091648065,0.5561957,-1.946593,-0.0386148,-1.6848526,0.18488339,1.8527942,1.2386584,1.9724741,1.0383111,0.30929708,-2.543455,-1.4379637,1.712518,-0.533961,0.6997335,2.134689,0.24980888,1.1878151,0.68971276,-2.0501187,-1.4285189,-1.5109657,-0.30746087,0.002441623,1.151812,-0.07112423,-1.3157562,0.3259208,-0.03456073,2.155847,0.20472372,-0.7091167,-0.42194036,0.3837641,0.11345522,0.3830803,0.08364339,0.36618382,-0.09666117,-0.6477196,-0.26233557,-1.0631025,0.8114268,0
7.1493087,-0.89358675,5.122466,4.7975645,0.0057366295,0.24253383,1.0300145,1.8559554,-0.20644037,3.361233,-2.494398,-2.8247366,-5.488896,-2.2963688,0.8553216,2.508734,-3.2352622,-5.4516144,1.2397187,-3.8145754,-0.029847993,-1.4591652,-1.7645539,-0.1274653,0.52315104,-1.9530443,2.380537,0.53314054,0.31043017,-2.355108,4.0876403,-0.22146757,-2.4904263,-2.2767692,2.149815,1.4146372,1.408957,-0.86947787,-0.91322875,0.5989896,0.23030072,-2.6264029,-1.4757679,-0.5284196,-0.075272426,1.031854,0.8989673,1.7327935,0.35869282,-0.11531137,2.9189003,-2.6129797,-0.29959273,-1.0657603,-0.9526707,1.9952962,-1.0482216,-0.7944253,-0.8673675,-1.5975187,-1.1570094,-1.550332,1.4718298,-1.3323123,1.9294931,-0.15428051,0.21481578,-0.08847808,0.5732468,-1.6058443,-2.1672077,-1.2205487,-0.16051877,0.35242674,-0.30525088,1.5540463,-1.0317307,1.8898265,2.1911664,1.1271701,-3.2929099,1.3174417,-0.5543589,-1.4051886,0.835026,-1.4749811,0.043726318,1.6114769,-2.7636578,-0.4168351,0.4564094,-1.219778,0.47011375,-0.22432515,-0.011295974,0.057307024,-0.54740906,0.49568677,-0.045531567,-1.3945676,0
11.7661085,-4.775846,0.37500334,5.9251766,-4.8434143,4.117611,-0.1792715,1.2848297,2.5923173,0.89196044,3.4876037,-0.8639874,1.6240767,1.25484,1.9671767,-0.4500122,0.7062628,-1.0380094,1.6130376,0.5169704,0.1661915,2.1252978,2.8913205,-0.45418283,1.5036285,-0.80323243,-0.3860912,-0.27884227,0.7931244,2.0342987,2.3062706,1.5652162,-0.61673856,2.2047553,1.2249727,-1.9440687,-2.1990688,2.23075,-0.17575032,-0.7237351,1.261633,-1.0184379,-0.8055208,-2.2450216,-1.3761476,1.0880883,1.0623224,-0.28454044,0.7104603,1.8376341,2.417213,1.9553738,-0.13591604,-0.12109233,0.4889558,0.034253433,0.48290816,0.24598843,1.7901317,-0.14217451,-0.2477321,-0.58280987,0.3259361,0.41826332,-0.7227046,1.5220504,-0.96446776,-0.39627764,1.8168424,-0.925489,-0.9475181,0.34715554,0.38336033,-0.7491077,0.15941204,0.5773898,0.041822765,0.16593766,0.20205595,0.40941575,-0.7137523,0.6192447,-0.22273163,0.69901335,-0.19917284,-0.3097551,-0.6626473,-1.802148,-0.6242103,0.33798516,0.5372635,-0.4737956,-1.8077908,-0.28896406,1.3823544,1.3657533,0.40818876,0.23899081,-0.8244566,-0.07877974,0
2.695306,5.6011176,8.581696,-3.4291236,0.18362586,-6.2591114,-1.3901266,0.0008898131,-1.3195533,-3.2742758,2.5439844,3.4917934,-0.15209067,0.809716,-0.68983144,7.2147284,-7.713781,-2.2961905,0.6334904,0.22332643,1.7745558,-2.125401,-2.269495,0.6408604,1.663265,-4.123943,-1.34671,2.5550518,1.8125901,-5.4579325,-1.9919595,0.37017617,0.6141588,-2.5598385,-3.6509457,0.8894033,1.065021,1.3449117,0.3825017,1.5958319,0.55863655,-2.4997184,3.226307,1.8531963,2.3048728,-2.214985,-1.5146956,1.6277503,1.8145963,2.7025168,-2.766911,-2.3585048,1.2729472,1.1648165,1.0952525,0.44171286,1.1285666,-2.4422588,-1.1456621,-0.21592803,-2.470182,1.1647521,-1.3196656,-0.3881313,2.351416,2.1788821,0.57606447,-0.16020444,-0.09209375,-0.07124737,0.2825191,3.0346513,-1.2140183,1.969196,2.0213947,2.129905,0.82384455,-1.8644155,1.5394559,-0.5911509,0.7818834,-0.84724855,0.30247432,2.5528033,1.2157577,0.46592945,-0.15760574,-1.1634183,-1.0871077,2.4186778,0.30139926,0.19487761,0.46447656,0.779997,0.39438686,-1.6581172,0.57117844,-2.4341543,-2.2306888,1.5160873,0
